business_status,curbside_pickup,delivery,dine_in,formatted_address,formatted_phone_number,curated,geometry,icon,icon_background_color,icon_mask_base_uri,international_phone_number,name,opening_hours,photo_urls,photos,place_id,price_level,rating,reference,reservable,reviews,takeout,types,url,user_ratings_total,utc_offset,vicinity,website,website?
OPERATIONAL,,False,,"280 Washington St, Brookline, MA 02445, USA",(617) 505-1844,,"{'location': {'lat': 42.3331588, 'lng': -71.1193352}, 'viewport': {'northeast': {'lat': 42.33454863029149, 'lng': -71.1179659697085}, 'southwest': {'lat': 42.33185066970849, 'lng': -71.1206639302915}}}",https://maps.gstatic.com/mapfiles/place_api/icons/v1/png_71/restaurant-71.png,#FF9E67,https://maps.gstatic.com/mapfiles/place_api/icons/v2/restaurant_pinlet,+1 617-505-1844,Cutty's,"{'open_now': False, 'periods': [{'close': {'day': 3, 'time': '1500'}, 'open': {'day': 3, 'time': '1030'}}, {'close': {'day': 4, 'time': '1500'}, 'open': {'day': 4, 'time': '1030'}}, {'close': {'day': 5, 'time': '1500'}, 'open': {'day': 5, 'time': '1030'}}, {'close': {'day': 6, 'time': '1500'}, 'open': {'day': 6, 'time': '0900'}}], 'weekday_text': ['Monday: Closed', 'Tuesday: Closed', 'Wednesday: 10:30\u202fAM\u2009–\u20093:00\u202fPM', 'Thursday: 10:30\u202fAM\u2009–\u20093:00\u202fPM', 'Friday: 10:30\u202fAM\u2009–\u20093:00\u202fPM', 'Saturday: 9:00\u202fAM\u2009–\u20093:00\u202fPM', 'Sunday: Closed']}",https://maps.googleapis.com/maps/api/place/photo?maxwidth=800&photo_reference=AcnlKN3I_jyyOOzJvVcwvWFenHgihKHAXoQUjIhPwN3OWODc3tMykt-0J9-R0rgG2HbD04v437qLv5dKnBTZKY-YXgs2Blel4ph7K6ELnMX0D3cXtGw-cqHzBBaxvuov8navunsJL2KGpr8GXrb4QW-UEJ9rZ6TUWNA2f9kosyyy1fkRBspViwfsHyyqGoSSJhEG4tUA04aeQBAVh0NJX1gcjW6PPG-li0BE78KpDIZyqxzyV1N0tmG9ioO3WB34HhmmaELOCD66XC2YzVduPXz75Cmhtb-l7ExkA4SaYcpFpVI9Bp1ZQTc6tbecN9e0AgY8BvC5B0FDnHV_ytlkQHRb9n9wbX-xuZvkKWZjBYXw4CWZjXjVzaVqigqee_7PuMCYSEXY4NkAJTsRGJjJ8MqTBAq6zHKpfxhABBuDRP3MBNC9r84&key=AIzaSyCcwQBZ6KetWQisDyi2dimggf_c9CaL1AE|||https://maps.googleapis.com/maps/api/place/photo?maxwidth=800&photo_reference=AcnlKN1Vo8ZTRACK8A5TkEWr7DCGqZL7mICkEXMyy2QBR7eTDTiH_MbzZ7XdP30WHxmY5x8TbPtE15HToKqIdbC7HzBgRnTcI1gJk13EHZHhUDWZR8RGwQAk3IRhHsOtEQQRFYvE1V4LUxdFuVYL73E606uUTFBvjRoA8XUTpwrIwcx6tSsJ_NAnHS55U48pTUhX4cJj4dJh58U8x7Of1W1GHBXI1ap1u8mQdFLnSP3y7x3i93A1rUB9kATTW0OtST3F5r7UgbmFKWxB-iK3FwHayw0d1lSagUZOpgXfy0l5hnquMQ&key=AIzaSyCcwQBZ6KetWQisDyi2dimggf_c9CaL1AE|||https://maps.googleapis.com/maps/api/place/photo?maxwidth=800&photo_reference=AcnlKN1zWiVlEuyf4co_OANj3Mj3gk1W2wWA8jUaBYoBsvYbwThRa4J38iyLfeKVbRxUQ0WD9Z4G1379_WjzeGiIxYDijePOudFewSsDFY7qVkc8XoleF7UO-CIhqvr9LWsO8-suQhdUUMrAXSfRuk1HBKADf-GZfcj4HFbbyku_ILjlOQ12bgMjrb6TPqhpkM-s-ADuMoarxYqxmSj53Lbab14jMpdD7woUTra71DJM7nVY56C80uSR28Mcm9u6qUXpa5NBb5SAUkUg0zIyXmzPDR-idPJAmsX0Z926vp86K-vaRYcoZ738XeHdnXOPE7AYa3Oyfj6A1upAkCAi3FJbDcWmJLrEI70RwmfIn6ecmC2zgb36B4ZfIJDTh1GTyCBRY91uHtUPsCeWpomunffPqI2G069UFmMELdQLIMgJLwh22OQ&key=AIzaSyCcwQBZ6KetWQisDyi2dimggf_c9CaL1AE|||https://maps.googleapis.com/maps/api/place/photo?maxwidth=800&photo_reference=AcnlKN1FtwG3ruJ4kentAOm_qVdOUPWjSp0GHzC5lmrijrOqRmsOL8yLDNhP2PyfTa4KRZpuVF6NfRPcXR2lBygAxwrSKx4WtjGm2MU61_D5euzaKXxRv1IQpdbBP4wl_qjU9sSlkDQGQVYMl-bY092-vV3twbN3qn7fXdQcX7btNigpzIKnDvsC2_4l2vyg3b5EdY6kZuU_xivS-xVJle49YAoVHNynuXrhJ4o0qgKp4VFa2_XCsgy5tmcGCHCufMFD5SpwcrS99sjo4HTTHqpUL-pkZuKXHPPlyNBNufm9V3OluKFP4i8G4dsbOBPfvaMOjwcmkSrq22nG_QSlU9Uc4WFmDQJLK2WMBe9_ogwoCDOZXHB7bWqLC3SPepgw_Le-xuUkovQShWHC1CLoU_sixtfymdV9FA3ThdwT_pwXjPXlLAp6&key=AIzaSyCcwQBZ6KetWQisDyi2dimggf_c9CaL1AE|||https://maps.googleapis.com/maps/api/place/photo?maxwidth=800&photo_reference=AcnlKN1XSeWp0jd9Y_68-fCTRwctgJixZX2b1jiTFL2ndyFqTqmeaZTDhoH960CM6Zjb4AiAHIuIQkQ49E5cgOooMSrq8StZg4DMfjgcQZKbNuh40X9pCtoLxCuFPTlz0AhrQZJ900GPvrRFfdF7qGLvKRsEnmazopOF5z6_lzCcXUUmnL3e2ShB6vAeCTzLmi0xLRckzYOYfy4X4yqORemuMfwI649ovinC_ErF3LRczv49_qRKGxLBKtIjpFIhobB9GDgloDuzV_ExwFvUpBkUR3Wtbe8-tUm-HZ04X3xHDjpDjl498FjTtnHcqRiGnPt3Hwvwy9kgCOiA6ZQIaGCUbg79Z4Ljfi8jcjji6ix7QrDvRddVeLVXtQWXaP3jJwBiOsWxtalntwsxlS1xDPDDpygV1OJYpPaDTr71PEQtuLt15hDR&key=AIzaSyCcwQBZ6KetWQisDyi2dimggf_c9CaL1AE,10 items,ChIJKwMEP5h544kRft8S7vi1O7g,2,4.6,ChIJKwMEP5h544kRft8S7vi1O7g,False,5 items,True,7 items,https://maps.google.com/?cid=13275404407355400062,493,-300,"280 Washington St, Brookline",http://www.cuttyfoods.com/,
OPERATIONAL,,True,True,"48 Boylston St, Brookline, MA 02445, USA",(617) 739-0007,,"{'location': {'lat': 42.3312281, 'lng': -71.11879789999999}, 'viewport': {'northeast': {'lat': 42.3326393802915, 'lng': -71.1174446197085}, 'southwest': {'lat': 42.3299414197085, 'lng': -71.12014258029151}}}",https://maps.gstatic.com/mapfiles/place_api/icons/v1/png_71/restaurant-71.png,#FF9E67,https://maps.gstatic.com/mapfiles/place_api/icons/v2/restaurant_pinlet,+1 617-739-0007,La Morra,"{'open_now': False, 'periods': [{'close': {'day': 0, 'time': '2100'}, 'open': {'day': 0, 'time': '1730'}}, {'close': {'day': 3, 'time': '2100'}, 'open': {'day': 3, 'time': '1730'}}, {'close': {'day': 4, 'time': '2100'}, 'open': {'day': 4, 'time': '1730'}}, {'close': {'day': 5, 'time': '2100'}, 'open': {'day': 5, 'time': '1730'}}, {'close': {'day': 6, 'time': '2100'}, 'open': {'day': 6, 'time': '1730'}}], 'weekday_text': ['Monday: Closed', 'Tuesday: Closed', 'Wednesday: 5:30\u2009–\u20099:00\u202fPM', 'Thursday: 5:30\u2009–\u20099:00\u202fPM', 'Friday: 5:30\u2009–\u20099:00\u202fPM', 'Saturday: 5:30\u2009–\u20099:00\u202fPM', 'Sunday: 5:30\u2009–\u20099:00\u202fPM']}",https://maps.googleapis.com/maps/api/place/photo?maxwidth=800&photo_reference=AcnlKN2DU4vsF3DkVS9rohO_GOsz8EYEz7gnOe3BIRSAz3IGIEVt6zARDq-ewB5J-Dit9Ex_2010e29FtG-e7qOb-4cBP5-pt88p15xyliowg10M87qWw6Oq_yToEKcOQoH08HijUiGSdCs2Q3syp9spsjXD8eiYitTvLl1QqAEsqNf6jOtZDySSovgHFeHgeUFeoeGClQ1_Od3KjDvj22D8gzQTY_ChMsuwoJ0gvq_T9uAx9FvL9UVGGkxsamwMBgK0nzUZyO5pGYIu_GB4YMVwU0FrmyZ8E1wMrBSfBoEo-yX-ylq2dPlFGRbs-L6F7HNC3OkCLhoAD11EUXchtN2xD6v86IPU__l5RKDLwiYDfAmwEGu2seVZhr27qSuEQLNH01ZoynfxhxHGTB7PXWE0MeqmJewUKJ4oeU5mYHdlUCEuG30O&key=AIzaSyCcwQBZ6KetWQisDyi2dimggf_c9CaL1AE|||https://maps.googleapis.com/maps/api/place/photo?maxwidth=800&photo_reference=AcnlKN19FP_YqPu2Isglztd1QCB38nuMlJfbcIjDDzbmKidT3UB7lo9VdiVI-4uH9w0o7NaAbALfADilKou1kHi71ZknFjKo_I4gI7LpEnDb4cHWA8HA4UTm5hPsQKJSS1cAB4Q5ItYqqtSJyqVM8sCyabewGYr71MkvijovQyjJY4a1iDwH4PAr8YgBCmMkKG00FelPifC5Y2UeVgzwwrVCtHhsSi2lZMLYSUobYPPbF33nbVotD1r2nWDbocOMqMcZbb6xJJqNTzAKDm2BbQqspxWumz443SOKcXFiGbI4NM2Ij3nuTOKWR6I1qB2eb0CJYO5u0vrJvx6hvah7hKRT8cQTWcEWqH1kzu0rsCNvvba2PRIazCPaNV1Tx2GNO9NYc71NTS-imB08wA3FvpgLJD1uVtcxFIK3lGx0JrUP4t0&key=AIzaSyCcwQBZ6KetWQisDyi2dimggf_c9CaL1AE|||https://maps.googleapis.com/maps/api/place/photo?maxwidth=800&photo_reference=AcnlKN2ZcTpGi8GM3O2AzjkmzqBgyXIvkjtV2trAWtSNBAsPCNcn7ESy5Y03xv-p83VgNm72J-ck8k5SKKmtqesLfNcYfjmTdfdY_xqWX3HQ7GhEmQ8MT7oadSzpNMAgs12f3hCz6t1vGUoJWvEL6mkWyocPODbi424oKO-r52ISb9iLR-s1rl5gdSImb7BSPsV1J_WKqFxteX7JMR2SbW_s4rmAf3qPI13ZGMsE81nmmm-t7Fn1UdX8PgQrQF9WRD0SCe9N-UEIiGo18S9kytV3kTPbcLHHOBg_HlTa8rKb06f7YGQzCucvBZ_7LZiDYG1uqQZBYkHhNFvp3WS1cnf0Ithmsh1oLnRvge6Y7c30GP_SalFqMyi-EEbLTVv0W61AbFUWSR2IcENA70hI-pxuYxqP1iEr4V32_V4vdJOniSXI3xO4S0G2GgldBOWVIQ&key=AIzaSyCcwQBZ6KetWQisDyi2dimggf_c9CaL1AE|||https://maps.googleapis.com/maps/api/place/photo?maxwidth=800&photo_reference=AcnlKN0Md2VOaBNU01_GCReEBkVLdb-udOaQNEQOQCubC3aWZlUfpUiGvftOEVi5dj_HduH6AoBWmpLpOVpvkpoxSKOX7lA6VYjtIUJkrEHZuwX-sKPWW4CEtm0HW-nNYY5IWFKNgNYLKQ0eao6wEuG2HQoZvhIFwLTpe5TUNUiECRUMrCcxAve1yAC77UwVYmRonOtKgKuppvwOnkFh8iWmIcCpj6IqSCC3_Ebv30SCyG2Nh9chtZeZj3iP-90aByFDTYH-ISQHi3YBdYW8pxSJvAmy6KQrY2t3_FeXv7pDq5gwa41UHS2gGiygY8uTkiJGJoz6GK-llOiMhAiv7ugdfslm37h0-X_JIV1cl21FiAPg4cgn4T7qjJsz9jzSMdJ_vzuEbtojBwUu2yyhuExCiVj66nCkv49XIbgNv_19qLzC8SE&key=AIzaSyCcwQBZ6KetWQisDyi2dimggf_c9CaL1AE|||https://maps.googleapis.com/maps/api/place/photo?maxwidth=800&photo_reference=AcnlKN3zCxZ-h7I0aM84o7a49dAkGqy9eNYJFhDeKHt73h8mgdsVR1gYxWv23Vgl5D2L45OWi_xk6G_zxDIyMT0RGUiKa0n7FhWrKnVT32liYPeoOO5qoxeKs4spuPeAQCtygWwyPBDaEYAZHJzZSNTXtVKGI5jjAxSzgUcoM7W0mUzgcXBlhEOZvF70UA4G2JW9v3LnSVMTJjJWfjcg_Ks9lDSuCq7o61wB65EQkXFuSzVl2ccX35IaLbCZpgIox9iSi3nyt3idPnj-DjV-wO_M1iD2AWAApo5TCXYOsvHIbt90u87sYxMlAozr8gCd8bUaaGdDGVZKkkHkCo629E4x4dm_peHwJgNNAo5IYhHbeih3ymr2urCTQo1nrdzGHkX_jYxY3VdHEKMipg7v39mdnAdZo-nSeqqKSSTvtVhweTMTYw&key=AIzaSyCcwQBZ6KetWQisDyi2dimggf_c9CaL1AE,10 items,ChIJWdCE-ph544kRVuz0--BaOKM,3,4.4,ChIJWdCE-ph544kRVuz0--BaOKM,,5 items,True,4 items,https://maps.google.com/?cid=11761250349224356950,453,-300,"48 Boylston St, Brookline",http://www.lamorra.com/,
OPERATIONAL,,True,True,"22 Harvard St, Brookline, MA 02445, USA",(617) 232-9505,,"{'location': {'lat': 42.3338285, 'lng': -71.1190275}, 'viewport': {'northeast': {'lat': 42.3351871802915, 'lng': -71.1176104197085}, 'southwest': {'lat': 42.3324892197085, 'lng': -71.1203083802915}}}",https://maps.gstatic.com/mapfiles/place_api/icons/v1/png_71/restaurant-71.png,#FF9E67,https://maps.gstatic.com/mapfiles/place_api/icons/v2/restaurant_pinlet,+1 617-232-9505,Orinoco Brookline Village,"{'open_now': False, 'periods': [{'close': {'day': 0, 'time': '1430'}, 'open': {'day': 0, 'time': '1130'}}, {'close': {'day': 0, 'time': '2030'}, 'open': {'day': 0, 'time': '1730'}}, {'close': {'day': 2, 'time': '1400'}, 'open': {'day': 2, 'time': '1130'}}, {'close': {'day': 2, 'time': '2100'}, 'open': {'day': 2, 'time': '1730'}}, {'close': {'day': 3, 'time': '1400'}, 'open': {'day': 3, 'time': '1130'}}, {'close': {'day': 3, 'time': '2100'}, 'open': {'day': 3, 'time': '1730'}}, {'close': {'day': 4, 'time': '1400'}, 'open': {'day': 4, 'time': '1130'}}, {'close': {'day': 4, 'time': '2130'}, 'open': {'day': 4, 'time': '1730'}}, {'close': {'day': 5, 'time': '1400'}, 'open': {'day': 5, 'time': '1130'}}, {'close': {'day': 5, 'time': '2130'}, 'open': {'day': 5, 'time': '1730'}}, {'close': {'day': 6, 'time': '1400'}, 'open': {'day': 6, 'time': '1130'}}, {'close': {'day': 6, 'time': '2130'}, 'open': {'day': 6, 'time': '1730'}}], 'weekday_text': ['Monday: Closed', 'Tuesday: 11:30\u202fAM\u2009–\u20092:00\u202fPM, 5:30\u2009–\u20099:00\u202fPM', 'Wednesday: 11:30\u202fAM\u2009–\u20092:00\u202fPM, 5:30\u2009–\u20099:00\u202fPM', 'Thursday: 11:30\u202fAM\u2009–\u20092:00\u202fPM, 5:30\u2009–\u20099:30\u202fPM', 'Friday: 11:30\u202fAM\u2009–\u20092:00\u202fPM, 5:30\u2009–\u20099:30\u202fPM', 'Saturday: 11:30\u202fAM\u2009–\u20092:00\u202fPM, 5:30\u2009–\u20099:30\u202fPM', 'Sunday: 11:30\u202fAM\u2009–\u20092:30\u202fPM, 5:30\u2009–\u20098:30\u202fPM']}",https://maps.googleapis.com/maps/api/place/photo?maxwidth=800&photo_reference=AcnlKN16MRxTMaIrSzYTV6-FPbbfmooxnfY1FwMcCUu_hZcueJS7uxuVzYjbEcxmMKR_EHX_bAlD6zbxdetmSi-0YQr1vPDm7BZSpFNe0yzWuJqJVv-b48evMPmdcPD9usHPF8bCNZrxNWTOx8XzXElbNl7JInE9c1aI8snvov5_iKxJGxDAfMNpKifmElsZ3pwqBjwk-dXqcJI_Lc6S4OWyyUGnOKwqS-Q-RgrqV3auiSeLap1-GugDrCrNC5z9IfueH4M2ILbp31O2HBMus-uxqwC29ya0tmaQeHh3tTD0_Wq9IRu5ku8tVp__FmtaCcvuRw_FhlD3b0ej06zlE3BL1gxJ1cOHqhzrgURetnqaX7LzeiynB0B3oxhadLdZHtu97zBAXONsjfGrtCf0oX0bvm6WgL8DPMUl7i7TRxJ6RA&key=AIzaSyCcwQBZ6KetWQisDyi2dimggf_c9CaL1AE|||https://maps.googleapis.com/maps/api/place/photo?maxwidth=800&photo_reference=AcnlKN2Tk1h409sw0Mmzm5sdguGDeJfVPPl2kfbuEtWih1sGv4jLX93-YSqOF0Dxbfoc4CBEMY0BAYhvB3M21DFMNc4lQaZCiR385TS35fQPdXgBc9luFSMJGh6NlPQYtZQgaoePBR62h4EKBJD_rYwUvga4Wt8I9Hn1sFK_kW08cpE1tvQZVV8waFp-AGZOGwgqQFFQl-9lED8EUjnEX5nAcs4mPWaN2zb1sWlyfC2vwl5e7bpsyYBJD2nOx0KYuQK2uSpU7mqpjKlT0Ju9MEt4413jWHZ49B8GIOO3LzGeFQLD5A&key=AIzaSyCcwQBZ6KetWQisDyi2dimggf_c9CaL1AE|||https://maps.googleapis.com/maps/api/place/photo?maxwidth=800&photo_reference=AcnlKN3iFTJSms2XZPNn3HLCH6f9dSgysz30EjOLpOjDoIoazX-TMo-ZwSDJvluxu_vB_Uaa03nfVcaBeo1BXdCbncdNN0vokyWY08Ca8Mmh6qql9gvc4SOV_9uaIlzdOB8KjBva8joBA3O14HZyNfshT3XoBoejNWhS4jlt9jttvkc7a8cUNkkWgFX4CkiJbcZwE72MY6lF2F-TzzGWJnWVcjBmIqn2Hfqyu6KSLsTWx_VSwzqeG6Nrk7z4WCHT7AuX7Nc468L1_LfwA6A7FhDCRpIo2rlR-d5n1AaT3DeB-lmYV3MNvToZHRQJzb7CPnkJ8VeaPJPiwcZ0yfgGTpu9g8jY8H274jVmaIVNmeauLQjVkFxCc6-w1owVCx_feT6VeXcl6xl0xnRr2Etm_wlOqM9S3bVSeg1bJihajfGyzd4NEL_P1gpzu0N8RAYKWfsE&key=AIzaSyCcwQBZ6KetWQisDyi2dimggf_c9CaL1AE|||https://maps.googleapis.com/maps/api/place/photo?maxwidth=800&photo_reference=AcnlKN1jGwx3MPL8ZMeFznLeO5ltxKCx5M20vfcppGG76tOw87pgg_H3b0adEglvheKZC7c_eniTFuZyQwr_Wnye-7CTR4v323rn74c-kJxdPxV99-p8luRzOCkjIILbzi8FVlLWyySYqEBRGBTPXLBXuObaCt9-qyc2i56ZAZwQeePyR9n-78r9c6CJQPVIH-HcFR1ccUwr96F7R8c3rlJLTuaLPXrvYkUdqxewe92sb9NS-ql_WUlQ9-7bO24HyBFalSXNweGNPHkxgnyKLHRvwNtUQNMKcVD65DVJnpCT_0m0lMz9DPUchhsNTFDxaPfYSeJpl-ZOJ4Um3w527fWDx0H9xP0cONKRqylTohAH_QoR5-zDtxTN5igU1XY3uJjHmojPatRMCVTG5s2J1WSvNFQinuXa3OBO1ykYNvxZC4fJIRiv70WQ7PyfEr1V7fbS&key=AIzaSyCcwQBZ6KetWQisDyi2dimggf_c9CaL1AE|||https://maps.googleapis.com/maps/api/place/photo?maxwidth=800&photo_reference=AcnlKN35_J6b7UAPte-TEPFVatqJyfXELvfo_dDb9DZ9vSGOL3mgWkDNn5VK_WohcutUkD94V_GpMrojEzs9MdrmtU7gLMcg_HDqoOB9kDzBqbFFvEZXcA4RXBEb0D64-__iohIXkmHfmGMtCuBDQCk_AROkhf2buKFlKP-ZHZyLtvoZy0P85XoSF1T7p8xa6fBC60MybGyVlsgHpgfZHWbYfhjMQrbgLhwCtaaamkFdQr2hoJFrmGWKpq6m7TifjAqaSazjSExuX9SlLg3g26aURGx7rhxHAsDPZMsFeUT5VaThRLXW4t7OjMiSdW-2exF9vIyUkvZe1C-plvBlseozpHSq60nxpbCe7B9E_AFgz3o6drPy2ItDXWICoNFzmPC63Gm2RtZIRaJHEFmPsiOwnZnXrpR-5zPiV23eiEVf_i2cNMIYqymoDplSdmdcOoQM&key=AIzaSyCcwQBZ6KetWQisDyi2dimggf_c9CaL1AE,10 items,ChIJxT81JJh544kRScrYuO5skMA,2,4.5,ChIJxT81JJh544kRScrYuO5skMA,,5 items,True,4 items,https://maps.google.com/?cid=13875710224487729737,440,-300,"22 Harvard St, Brookline",http://orinocokitchen.com/,
OPERATIONAL,True,True,True,"305 Washington St, Brookline, MA 02445, USA",(617) 277-4466,,"{'location': {'lat': 42.3334315, 'lng': -71.11957629999999}, 'viewport': {'northeast': {'lat': 42.3347210302915, 'lng': -71.11826681970848}, 'southwest': {'lat': 42.3320230697085, 'lng': -71.1209647802915}}}",https://maps.gstatic.com/mapfiles/place_api/icons/v1/png_71/restaurant-71.png,#FF9E67,https://maps.gstatic.com/mapfiles/place_api/icons/v2/restaurant_pinlet,+1 617-277-4466,Anatolia Kebab House,"{'open_now': True, 'periods': [{'close': {'day': 1, 'time': '0000'}, 'open': {'day': 0, 'time': '0800'}}, {'close': {'day': 2, 'time': '0000'}, 'open': {'day': 1, 'time': '1000'}}, {'close': {'day': 3, 'time': '0000'}, 'open': {'day': 2, 'time': '1000'}}, {'close': {'day': 4, 'time': '0000'}, 'open': {'day': 3, 'time': '1000'}}, {'close': {'day': 5, 'time': '0000'}, 'open': {'day': 4, 'time': '1000'}}, {'close': {'day': 6, 'time': '0000'}, 'open': {'day': 5, 'time': '1000'}}, {'close': {'day': 0, 'time': '0000'}, 'open': {'day': 6, 'time': '0800'}}], 'weekday_text': ['Monday: 10:00\u202fAM\u2009–\u200912:00\u202fAM', 'Tuesday: 10:00\u202fAM\u2009–\u200912:00\u202fAM', 'Wednesday: 10:00\u202fAM\u2009–\u200912:00\u202fAM', 'Thursday: 10:00\u202fAM\u2009–\u200912:00\u202fAM', 'Friday: 10:00\u202fAM\u2009–\u200912:00\u202fAM', 'Saturday: 8:00\u202fAM\u2009–\u200912:00\u202fAM', 'Sunday: 8:00\u202fAM\u2009–\u200912:00\u202fAM']}",https://maps.googleapis.com/maps/api/place/photo?maxwidth=800&photo_reference=AcnlKN0BsGRZscFb_9YkdnMVRPh5sKC3tzIkX4QYdw00k_rUKi_Q8WmuBVVDwlQGkwl-SIjWJq_iyx5wHwQ2y1kzSlPCCUl3I6PgtcWGNgHeIxljsdMcWIB4ui3c8GecryRg_tOBE64o4QncmhHiuu_wT_V_oze8KeZVKJ24DXXr2_NIhNAtLWDSbADhzlaAonjuXLBIpkIou99-vancjwBMTW-_wDEaoZdpZmVjLfZs5qiUKsxG15xXHSd3lPYwp_GhurUPRUvtKYBGHGguy44lD2iy7jmv8s2qvIidDpSu7EZklBAVmlEX57nqopboaahsErfSkVkUEYprIJewZhMbmJoO0daezdU_Uj6LvxsNXSLeNOIhIrz7lG6_c9d1xLXrz5ak7-TgX7IMO2UOiqDN-5Yo8AQVHweyqKz4Jz37xnvkgg&key=AIzaSyCcwQBZ6KetWQisDyi2dimggf_c9CaL1AE|||https://maps.googleapis.com/maps/api/place/photo?maxwidth=800&photo_reference=AcnlKN1C-oLC0PK8lBKHyArWrmWi8Mf1Mz7Sz38s6BOc7ksAT1Dgo0COP-vpOr3ux9wXY9lbyuCHpGJF4aLKy6oPGCPK46oLUcYYwQqI-C54D4jokES9YI1XNDeNGWNu8xAM-SXguGA9ViSFY6GfVufV5SR-QmscW6uE7dz55xyhw9-80z9wObCelZUv53VSHEPLU-b7zCjPD_pPTzshM6o-LvHoXOX7-qE3cy7eIGK0WxxmxoMEqA1_AqBItsEO9T-Chjp2Y59Qk_lX1QGZMwZuKbjC51XGe1zyxG-o2_Ia5jVU1w&key=AIzaSyCcwQBZ6KetWQisDyi2dimggf_c9CaL1AE|||https://maps.googleapis.com/maps/api/place/photo?maxwidth=800&photo_reference=AcnlKN0n6yDCyoeGwzNuUeDjplCMW-mreTXF7tJl44LFUsAPHwUj8Ltd-bGjM_MeX5S3mn4BfX2x3TWvCfe0_guA7T3DbX1hYSg3IHD0t9f-S6PM14iZFlXNSUCmmClCwqqcn0t9sRxPlPjL6jfcnsMa6sYP3JtfgXA7CxBAKCcSp56YLgZ10NqgnAxVsKNKjvR0IIJKBDUFKrOwZ45h8n-OnMNMfItgv_YFIDMl_LpQNYu3djNKVJJDwthplGiATtTewLPgYTswcYlKMdrqcIjWXNRYfgc52BkYm2Mx1MQDmmfmbngjJGAgoklcqXAFMyHzjTV-ktF-NWJy6Y9ctupWrZMp-ao01Xe2IQFMedg7LQzm2zEsCZlBxtMmVUilGjNUFQ5-Gzc9P41nzZyAtOrO0LLCkRmIF-_a_uyFF4KOUpeiN3MZmg5LhiYwj6VETw&key=AIzaSyCcwQBZ6KetWQisDyi2dimggf_c9CaL1AE|||https://maps.googleapis.com/maps/api/place/photo?maxwidth=800&photo_reference=AcnlKN2-oF_FI-lv_GqS7-h6SFtsEQ5WpR5kriroOxYIUfLAeWdA-TMbLBV8wfd8keHcRg_88LYGzkxiLiI0W57iVPf5pobJIjTSPUw0EoOCQTJepBvKVxzc3-g54aO1dQFgvfXZ7N-wXV6umu8unfsGxlTsOET2D1bcwShFGqDhkYbnEcwTJ_eDkAsfwDPRlY6jCE5MQEUYhGN0walk4EMQ5Tlj2cfel0Nt8-WhW0WyJiYBIlgW2o1l3UqVAq3C0kizF-a1xhNb-bf31t52qXUCoWhVX3Wk4YHMk3Q_ugojsFQuZFCj32siuuktwq0k9iU5ah_55QgpG_kLIj4etcBNXeg_UMBWabPGMx3GA4kxgdO-CpmN4S9ZA__InjfS2m6bbt71E8lERcMkEGwvsSCzy2fihRrIewYDd06OkQcTEsw4uQ&key=AIzaSyCcwQBZ6KetWQisDyi2dimggf_c9CaL1AE|||https://maps.googleapis.com/maps/api/place/photo?maxwidth=800&photo_reference=AcnlKN3qGjIdzR0ccA85LM1DaFc8ziCQxQ7oqkbccXV22_JtKRxMEur9T85CiiWhAVdf7nDxiKu7eq_trAClb4tetjvwrz0Ca_o9tuE7G78HDqy-jiBoC4wmu9zTxiVnoddeKcANNdRjwG_HJD4V24S73YfRgU8TghFrIklI79oclEQGM0kLp-U1A_ftGKlNNMnW7DERYECBxCuSiycVtDuMqIR0m7SQri1dbsOsPCFqtdL_zjEOU-xWDkY9y9bMjrNNuvl8iSIpwbafKBW9mBOWCmxWrENrcguoZm8FjKVWEImZAFEqwDEvGj5_b9Q08Y-n0EbhGDX505irYOa3hCBPd8DxPgTb7rtoipWtYhEWwp9rfFoYh14TR4JM1bdW4kf1tbjKcViDlfZfkMqW5UsBfV4qVT_NdM6OzlwWXf4AZ1NJgHMAP2sd2MftmWTgVg&key=AIzaSyCcwQBZ6KetWQisDyi2dimggf_c9CaL1AE,10 items,ChIJdVc2FJh544kRpei29bUNnEc,2,4.2,ChIJdVc2FJh544kRpei29bUNnEc,True,5 items,True,5 items,https://maps.google.com/?cid=5160014348222392485,934,-300,"305 Washington St, Brookline",https://www.anatoliaofficial.com/,
OPERATIONAL,,True,True,"15 Harvard St, Brookline, MA 02445, USA",(617) 232-5063,,"{'location': {'lat': 42.33371, 'lng': -71.11871}, 'viewport': {'northeast': {'lat': 42.33505878029149, 'lng': -71.11743421970849}, 'southwest': {'lat': 42.33236081970849, 'lng': -71.1201321802915}}}",https://maps.gstatic.com/mapfiles/place_api/icons/v1/png_71/cafe-71.png,#FF9E67,https://maps.gstatic.com/mapfiles/place_api/icons/v2/cafe_pinlet,+1 617-232-5063,Starbucks,"{'open_now': True, 'periods': [{'close': {'day': 0, 'time': '2100'}, 'open': {'day': 0, 'time': '0500'}}, {'close': {'day': 1, 'time': '2100'}, 'open': {'day': 1, 'time': '0500'}}, {'close': {'day': 2, 'time': '2100'}, 'open': {'day': 2, 'time': '0500'}}, {'close': {'day': 3, 'time': '2100'}, 'open': {'day': 3, 'time': '0500'}}, {'close': {'day': 4, 'time': '2100'}, 'open': {'day': 4, 'time': '0500'}}, {'close': {'day': 5, 'time': '2100'}, 'open': {'day': 5, 'time': '0500'}}, {'close': {'day': 6, 'time': '2100'}, 'open': {'day': 6, 'time': '0500'}}], 'weekday_text': ['Monday: 5:00\u202fAM\u2009–\u20099:00\u202fPM', 'Tuesday: 5:00\u202fAM\u2009–\u20099:00\u202fPM', 'Wednesday: 5:00\u202fAM\u2009–\u20099:00\u202fPM', 'Thursday: 5:00\u202fAM\u2009–\u20099:00\u202fPM', 'Friday: 5:00\u202fAM\u2009–\u20099:00\u202fPM', 'Saturday: 5:00\u202fAM\u2009–\u20099:00\u202fPM', 'Sunday: 5:00\u202fAM\u2009–\u20099:00\u202fPM']}",https://maps.googleapis.com/maps/api/place/photo?maxwidth=800&photo_reference=AcnlKN2pKOlb0lavJcgH8qDsGC3qOaqiisGopPQV8S9lBNhRQZlGylKqC0udkd-CidogiuKOIrVIafoEhQMBzwOr_EN4tNgiLdR007b9VEWHTTEJXXhgpztEDIszOrA4OekZdwxv1syJNXq_Yia0bxTvC4p0rmNsuUoYoplXAxQNDgfRYyf8Avltopfd2EgUyBpurLPOCTFRcHT3jkmS_SFAuoUE6xxqFu4jU9qhHwDDsuKRX0DZpIQhE7KFSYlF-7mNy5f4ZvsxZf7KwZ-LjOwqTcC0ld8QqH0xv7pTM-Pe9y9zLW7Xav-_vI0uNdpqLPcAPJN7Pma80azdTwTkT6VN6gCQ8jS13obHImjZlmqoPZy_ywJVrmT5khjTZVYzs0glqCpMfCzO-vCa5iTP9I9qzdwWBwZWFIsvpx-09tevxu79ZKo&key=AIzaSyCcwQBZ6KetWQisDyi2dimggf_c9CaL1AE|||https://maps.googleapis.com/maps/api/place/photo?maxwidth=800&photo_reference=AcnlKN1P45r970cnXawrkPTww2H-tIAJs0aAcK8-W9Da6M49zr2N5r0-WCirm5-szLJo9ajQRwM-aObkx45LCVtqY90elpUHm0tdThE6M3Mp9aHeS2xWRB_gzefryQOfA8bjFF_U-YSHLXZEuSeCvrPKNC9zRaYxZhg0Fd1a-K1NNTqyVWab_5sMq97OJHQ2wpC9mjI5Au8ORJ_DXV3P67W8xeVVXJx23-MiqvKJnIy3FxElX_o07DSuB3uErSFYcZM4h662Mtd_dOM17NEf7yoPuVCsffuZYdbKrd2XFK6NvmNRbw&key=AIzaSyCcwQBZ6KetWQisDyi2dimggf_c9CaL1AE|||https://maps.googleapis.com/maps/api/place/photo?maxwidth=800&photo_reference=AcnlKN2YVEjI7qup-_9nnFZFOCex-sBvzJVl6GbmwC6x45cAbGaH1tBSzcwe8yZJjjKYVtONrXfGGixUOoynNzmPFZOEDjQR9e9uNivCGpa8kP4VwGOXosKP4RthjiWUR5N52yHGIuszvbeSIruwSO5fMl_3o6drp1hjxO7_qjnS6NKuXDrQeHTvsJZtbbBrpF6vLd9GXCGPwyFT1RhBWFEk2c4K-pl-fQ9D5knnZSW1vKMe-FDS4MDmUYOhrQ8NZy0sb0HzxAZB7AbHTbMEn1tpAUsQ9weU71Oex8WT4-H-tsq1m-Bfo1D81fUEhkng030Jo70P-K5e6WUSxKaYB7FeQd0Pqq3A2j2Avg3oCM8EMiCFtK5RoLt__ugPPVsULY-A7q-Hfnwq192KXQmmWi50Tw6w3tn8G8aCqDb9MokXvEcZ1g&key=AIzaSyCcwQBZ6KetWQisDyi2dimggf_c9CaL1AE|||https://maps.googleapis.com/maps/api/place/photo?maxwidth=800&photo_reference=AcnlKN2s9dTmQx-UcOi57HeUUNPyoWcpWP52jF5dt1dUT-V-Tb3cFXEnMj2tsy22UESOB1-HlYy2sd49e_MVe_7MehHXWC2Z3zgPxEgohrwVnILGYY9MbVFzo7E07jSo3IH0StuToR80FK1eSfbW7S0Fie4Iqkz51i_XF4fpWgnjWVTIGbZ7Mx3BoLzEGyatuavjmGUaDx7vZ-0QzoXCbwfx-QYSSQ30zh8BtPqBncKSeyd_VIwidioyAVWuGW52v9-qTXU_YolWN-KR7epES3PKoP_TB7siMbR5X1pEHIn0GSjmyEZ7a4tZlaVkjFCs7tI6HetRt9qk_97FY50gYqR9wswl1c0iflpsEhtiY1DWgzt4ymwrIupZoXfw36yRNb959VGYts3t-CIH1cOapjeY4_bB24OdENyQ7SNfz0fMiMLH3QYt&key=AIzaSyCcwQBZ6KetWQisDyi2dimggf_c9CaL1AE|||https://maps.googleapis.com/maps/api/place/photo?maxwidth=800&photo_reference=AcnlKN1cAkWcEarsr2rTSaQ-rym7yqQqK4XX2Sk8V7y0HztDHBISJ0_nOzyW3652rRrR6_DtDqRNWvCNAsftKPA-O_RWj-hE9H4dLkFYVz8z85Y1KSduX4eH14XxIEKPAQbGu9ADWmVb3zJ3CP1DKmvXJE8_AlO418H7q0h-BBw_TDoyXkZWPTTwPN07FMUIvA37vRjfNVDFzPovS6DcxasUGRib5M2y6qsyXHd8nFUADqyt_daWIB-GbxQTvJmmU5yjXRoBOd2S4bEKBGV3JCHPH1Co7ihaSJp3-FYGbMaWlr5H8MGAU3y54K9GU1Ss1QcYN9WmE6Lzhc9Ik3kHi-crVnAuXec3P84reeQq6SfUqG_T9YRw8JE22rPHiut7SDi8JPnK9YRNhuWDSoXRkcwuhU4QhRY2l9Q6G3pNOJpKlfYQmQ&key=AIzaSyCcwQBZ6KetWQisDyi2dimggf_c9CaL1AE,10 items,ChIJsXcQL5h544kR-L5hTLx0bQs,2,4.1,ChIJsXcQL5h544kR-L5hTLx0bQs,False,5 items,True,6 items,https://maps.google.com/?cid=823442658962816760,363,-300,"15 Harvard St, Brookline",https://www.starbucks.com/store-locator/store/8712/,
OPERATIONAL,True,True,True,"35 Harvard St, Brookline, MA 02445, USA",(617) 566-0005,,"{'location': {'lat': 42.3344479, 'lng': -71.1189722}, 'viewport': {'northeast': {'lat': 42.33577013029149, 'lng': -71.1176812197085}, 'southwest': {'lat': 42.3330721697085, 'lng': -71.12037918029151}}}",https://maps.gstatic.com/mapfiles/place_api/icons/v1/png_71/restaurant-71.png,#FF9E67,https://maps.gstatic.com/mapfiles/place_api/icons/v2/restaurant_pinlet,+1 617-566-0005,Martin's Coffee Shop,"{'open_now': True, 'periods': [{'close': {'day': 0, 'time': '1500'}, 'open': {'day': 0, 'time': '0800'}}, {'close': {'day': 1, 'time': '1500'}, 'open': {'day': 1, 'time': '0700'}}, {'close': {'day': 2, 'time': '1500'}, 'open': {'day': 2, 'time': '0700'}}, {'close': {'day': 3, 'time': '1500'}, 'open': {'day': 3, 'time': '0700'}}, {'close': {'day': 4, 'time': '1500'}, 'open': {'day': 4, 'time': '0700'}}, {'close': {'day': 5, 'time': '1500'}, 'open': {'day': 5, 'time': '0700'}}, {'close': {'day': 6, 'time': '1500'}, 'open': {'day': 6, 'time': '0700'}}], 'weekday_text': ['Monday: 7:00\u202fAM\u2009–\u20093:00\u202fPM', 'Tuesday: 7:00\u202fAM\u2009–\u20093:00\u202fPM', 'Wednesday: 7:00\u202fAM\u2009–\u20093:00\u202fPM', 'Thursday: 7:00\u202fAM\u2009–\u20093:00\u202fPM', 'Friday: 7:00\u202fAM\u2009–\u20093:00\u202fPM', 'Saturday: 7:00\u202fAM\u2009–\u20093:00\u202fPM', 'Sunday: 8:00\u202fAM\u2009–\u20093:00\u202fPM']}",https://maps.googleapis.com/maps/api/place/photo?maxwidth=800&photo_reference=AcnlKN1fh0cgSmyn2wiNYBAVzvrqQZ8dkYnmg4IzPzRemuw5C638V6j2XcA-BACOP2PvVX34Aplk4v0J7uoSZmX5MXBBa1pULb2QBSiPdhEApe9somz3hedrTvIx39mS13d0dBawEc4qAKin9_qIJkK8Kl99JFcKCzg_9tI981O01IyGeEk8ssJDeVEuydrtiQSl7FwZBgpuycoFVXugfeAsRy5V0oWAiPpcQWq4HV5Bkg86cizBSALjYvbQhbEo8zgA7vVexNq0x8NH0gR_wSzzkxNrGrr_PW1wKV7Z-4d8s_s&key=AIzaSyCcwQBZ6KetWQisDyi2dimggf_c9CaL1AE|||https://maps.googleapis.com/maps/api/place/photo?maxwidth=800&photo_reference=AcnlKN1xyjK1IzWkWnL4aN_XnQcjqTZb9D5pfBvN_5JKQsh-4hKiGBKD3qYLUFEGf8b2zitr2KdA0PYZ_yuwWzhSkVFnYUXke_LfpZzNq6izfmHyDzbF9ZU4dlMYvktNz5HcZW--wllUm9AV9dkx-2TDipA3TL_9P1fB4FNxzyq5tZ9-ghs-25ZDCpT2fIaGlzEeFJ_qASCoMy01veLKZcugeQxbP2b5pNNKgB4igKATGlGxgQSDEjdTkv6KcYuQzTQmob99KExzuLWbXyz45XgHBBalMUycA8sP3-LwGhwai4E&key=AIzaSyCcwQBZ6KetWQisDyi2dimggf_c9CaL1AE|||https://maps.googleapis.com/maps/api/place/photo?maxwidth=800&photo_reference=AcnlKN07bwYFq8BC4oLoS3uyA65yraX4Kn7H-0GfILIycWNBEMiH8GJ81fcuAup4mfWoVQfIB2r3rXpOrhB2YKWVmVpnXQzYP7kchcK8DaNd5X6IrPt-mh-qCv_Xt7nHh5L4cHERRD_-qgJvVcDIJ6OUIJIW6AmHgrIUWeXGPvAYPF7oi5c3BNoZfzP9CkQBevd_R4qclZrAm_LSBQlpMDD3FJcgIHcVCyQYdcagS5hI1XCZ6GGaxy5wnETbksLF4b3Ouj_fo5JvnIRBItHo-gZtGZp3R5hWJZgy2cZd4BydpS2fx6a5bvXkncQv2DuU2YtCUED-kqSL3udp6rus5emYhLDP0z4AXvuiuwrQ864t5L_9tgIjei7UiZdSmzFgUIyfhjJji_yMH6_G2vYr2USpvJYH2UdbJOGC5Z5a2tCuk0m7ug&key=AIzaSyCcwQBZ6KetWQisDyi2dimggf_c9CaL1AE|||https://maps.googleapis.com/maps/api/place/photo?maxwidth=800&photo_reference=AcnlKN3rDfH4UqLaOhRTqr_KbggdvhPktC8QrHqjv6Tb2zXfTPvCbSa1uycRE0vu3yqAQei4C6QMwSSNf71av0-dzNtPk2_1msUYc3XQUoYupc6zk6MWEULQT-PIRzF_iO2rmkhDdx0Aw9ZE9-2kxhzXDMtV68gye0jAEL0BOV6v-T_Eodg8u1AoLg-rQMP7K7pMu21tFNvZfB5PtX6n8JskrGUcgrVSjeQGbkBoJD3qwM1kDb0Qw4nkOD7ZfP61hLgRf2TNtTcgNaRCY7esc8RoST_k9X4zZqi6I9BsLc5MIDSittt0j6-BFaGA_1I8xJ4ZhvK60z8fOXzejb8nqk6ZemQ8bBZr_yR7rnnAogWe7rvjrKR6VSF4QZ7P8j-zo4F5cEka9ez8NBRDqevtRau5lwmgGPy7abP2Rbfeqf_rZGFIoQ&key=AIzaSyCcwQBZ6KetWQisDyi2dimggf_c9CaL1AE|||https://maps.googleapis.com/maps/api/place/photo?maxwidth=800&photo_reference=AcnlKN06a8iMMW4_eVwA56D5fqaFnCn3G0ZLhjGYSZ7dyHNARVunOxZWuMtNZh_1jIbZWqVfTpZ4aQ4Fa1NNRhngFFNfHKRyrkfWFDQqc4Oj8_lQf5b4KVv4Z85JIH_yLSOJXD-MCuw9IHnyVB26JQ7cVnINo-jL5Y4B6iWVBIAOoIsOlMFx16HMt0dDhasX8LFDADS2ZP8pYRBgqWZu0XvkoRmvKkEvpAFjCLRwlJDooIZnf9u1EDEG8JZiTXXVCZR0-S1zAA9uVg58Ue0bx2OUNAULxjV4kvtsObqSC-kTcb3NwmwIsv8vtkJu5OunfIUsqIWhbpnrRCf9_fKa8hg4Th0Q2EFDp_zs5FlaguMbijAD7aqfCCl35w0qEI-T3liRifzepAIJSE1J-XpcV8NXMG-mzHhAuNF3l10jXKksVUm2RfvXqQx1wS6qXDCRtYgp&key=AIzaSyCcwQBZ6KetWQisDyi2dimggf_c9CaL1AE,10 items,ChIJd-TMiJd544kRUlWu9AwOTPY,1,4.4,ChIJd-TMiJd544kRUlWu9AwOTPY,False,5 items,True,6 items,https://maps.google.com/?cid=17747575680367744338,549,-300,"35 Harvard St, Brookline",http://www.martinscoffeeshop.com/menu,
OPERATIONAL,,True,True,"2 S Huntington Ave, Boston, MA 02130, USA",(617) 232-5752,,"{'location': {'lat': 42.3319119, 'lng': -71.1118348}, 'viewport': {'northeast': {'lat': 42.3332057802915, 'lng': -71.1105796197085}, 'southwest': {'lat': 42.3305078197085, 'lng': -71.11327758029151}}}",https://maps.gstatic.com/mapfiles/place_api/icons/v1/png_71/restaurant-71.png,#FF9E67,https://maps.gstatic.com/mapfiles/place_api/icons/v2/restaurant_pinlet,+1 617-232-5752,Subway,"{'open_now': True, 'periods': [{'close': {'day': 0, 'time': '2100'}, 'open': {'day': 0, 'time': '0930'}}, {'close': {'day': 1, 'time': '2130'}, 'open': {'day': 1, 'time': '0900'}}, {'close': {'day': 2, 'time': '2130'}, 'open': {'day': 2, 'time': '0900'}}, {'close': {'day': 3, 'time': '2130'}, 'open': {'day': 3, 'time': '0900'}}, {'close': {'day': 4, 'time': '2130'}, 'open': {'day': 4, 'time': '0900'}}, {'close': {'day': 5, 'time': '2130'}, 'open': {'day': 5, 'time': '0900'}}, {'close': {'day': 6, 'time': '2100'}, 'open': {'day': 6, 'time': '0930'}}], 'weekday_text': ['Monday: 9:00\u202fAM\u2009–\u20099:30\u202fPM', 'Tuesday: 9:00\u202fAM\u2009–\u20099:30\u202fPM', 'Wednesday: 9:00\u202fAM\u2009–\u20099:30\u202fPM', 'Thursday: 9:00\u202fAM\u2009–\u20099:30\u202fPM', 'Friday: 9:00\u202fAM\u2009–\u20099:30\u202fPM', 'Saturday: 9:30\u202fAM\u2009–\u20099:00\u202fPM', 'Sunday: 9:30\u202fAM\u2009–\u20099:00\u202fPM']}",https://maps.googleapis.com/maps/api/place/photo?maxwidth=800&photo_reference=AcnlKN3_teJTvtajkg-xP74_QZmQJnPXvTq2pTwRR6yPzpQzZRBPq2_C6urhAp0RYcl_jYZu_pacgVLW_E00JLMv-8yFw2BA5D8xrZNdgAiZU-zOWwvbzhA-LJIKgmRIxmwL_CBYvf7JaDTfiY_qTwsPDVZqM4ZB2-6VbSnWhk8vKjmXzqIER43vlHPEmohrpBH0a9kDVr9NucR03D_wn-bLFpLRa9trFBldTXecrg34I396ycbanN_3MK_c1jUdF_6SBI2CRbVJsXkgyMFefp3eHcJbETK4qU5roZSIiiYTMciK6A&key=AIzaSyCcwQBZ6KetWQisDyi2dimggf_c9CaL1AE|||https://maps.googleapis.com/maps/api/place/photo?maxwidth=800&photo_reference=AcnlKN0pytaRoaw2xJpd5Tw8keTVrNiGQtAveUJNNlAcuteTEH4B220u6NbmwN5bMaHCUFvjuwCPbNsbrClSWhVJjz5mxt8ec2BXR_is7mvWEm3PXekDMBJ_UUDA1Pn-fNyjMjof2lKVLP6e8M-lKtNI5Q2UTZwMUeo3W5XIpmWi8Op-wb7bFqvV3hU-VtWVSUgpR1XkUSmzCnlnGBTSyJwuvtPov1mJQRfp6rujp8bqckzTfkxfxeSK8QIdacSPz_Xa9P3YB6zcmgkge4eder-MVSuk6nzl47vHCDBP50ViLVUNZg&key=AIzaSyCcwQBZ6KetWQisDyi2dimggf_c9CaL1AE|||https://maps.googleapis.com/maps/api/place/photo?maxwidth=800&photo_reference=AcnlKN3qRut_sNLTzVLtZsVMidNumFEGwnpGjEHvV7lfakeB0GKJ5-CBAliwsc5oX-64K-zMaGuENp_utZIn9JdFZMQYzkomkAU22Z-dDOBvto2Pk74U_YRGNxoJuoRB7XPgIbt95Zr-OLfNBg7r-Fh0BLkuuIWCHdeH1B6J0vYgZNua-YXi_cJ7k617sRUpNgAtQWcyPL6PDshQI4pDGTPsfb__YzOyi1Bh8DuylrEeL_FR3KsGTYaJvb8wkDj9V5b8vKpJmH96QQFruOJhXnShQBUyBNGLJXU3tnz2t_ZQnH2tCQ&key=AIzaSyCcwQBZ6KetWQisDyi2dimggf_c9CaL1AE|||https://maps.googleapis.com/maps/api/place/photo?maxwidth=800&photo_reference=AcnlKN0I-byGqcpch93qABrL04XozBclvrnAp9_B-eWwz0OGOMJNroe8zsovLabIIg1-MbQxl5UTU_x0M9EyHMoQW4W42n8GflMYGH5LBlctOV91_4-TRZBhQOKLLxEBEIOzAB1FGH0VzFk4EAcNEL1RDJvEW-fCPXGJjzwdDP7S9BYPtA_1Rnqy_AnUEDziW62Snl1-qgvHLDbE3S13tOKd64eyRaAWwHFw8hH3bE0xr3SD3ahjtrXJogMnG_YXEU1x-P6KkgpIuCgxA4Rq7bn5ginxlx_YRbwf8hT4fQ0ak9N4sQ&key=AIzaSyCcwQBZ6KetWQisDyi2dimggf_c9CaL1AE|||https://maps.googleapis.com/maps/api/place/photo?maxwidth=800&photo_reference=AcnlKN3kBSsNa29MAKq7ywuw0Oe83VvvsGmmFoNS4qZD1fLPCH9l_B23GUwPnytZL3A3BY8FuAY3fnGQAQFIylRSeisrJbrer476wy1ux7ZNNUDq8pUp5QyneuSZ0w9NqhDXK2R6Y2fMXFPC1BEq3NLoSfAGC8MrYDrd2y1UfiXzT4N-OmHJK7bg-SUxm4NH2_AghVnpMJmxBNSiM29tBuk6Fk9Ja34g6HCvsVrFbirQ9MN-B5WZB3yYxFs67Vc_CooTJeYcb0kxl5qKmF5C4__fEwdiNq3cLjVWug818sOKwUrsHg&key=AIzaSyCcwQBZ6KetWQisDyi2dimggf_c9CaL1AE,10 items,ChIJk6_yipp544kRFukpecIBgMw,1,4,ChIJk6_yipp544kRFukpecIBgMw,False,5 items,True,4 items,https://maps.google.com/?cid=14735779915524335894,144,-300,"2 S Huntington Ave, Boston",https://order.subway.com/en-us/restaurant/49528/menu/?utm_source=google&utm_medium=local&utm_term=0&utm_content=49528&utm_campaign=fwh-local-remote-order&cid=0:0:0:0:0:0&segment_code=0,
OPERATIONAL,False,,True,"470 Centre St, Jamaica Plain, MA 02130, USA",(617) 477-4851,,"{'location': {'lat': 42.31909479999999, 'lng': -71.1116619}, 'viewport': {'northeast': {'lat': 42.32052888029149, 'lng': -71.11041351970849}, 'southwest': {'lat': 42.31783091970849, 'lng': -71.1131114802915}}}",https://maps.gstatic.com/mapfiles/place_api/icons/v1/png_71/restaurant-71.png,#FF9E67,https://maps.gstatic.com/mapfiles/place_api/icons/v2/restaurant_pinlet,+1 617-477-4851,Tres Gatos,"{'open_now': False, 'periods': [{'close': {'day': 0, 'time': '1400'}, 'open': {'day': 0, 'time': '1100'}}, {'close': {'day': 0, 'time': '2200'}, 'open': {'day': 0, 'time': '1700'}}, {'close': {'day': 1, 'time': '2200'}, 'open': {'day': 1, 'time': '1700'}}, {'close': {'day': 2, 'time': '2200'}, 'open': {'day': 2, 'time': '1700'}}, {'close': {'day': 3, 'time': '2200'}, 'open': {'day': 3, 'time': '1700'}}, {'close': {'day': 4, 'time': '2200'}, 'open': {'day': 4, 'time': '1700'}}, {'close': {'day': 5, 'time': '2200'}, 'open': {'day': 5, 'time': '1700'}}, {'close': {'day': 6, 'time': '1400'}, 'open': {'day': 6, 'time': '1100'}}, {'close': {'day': 6, 'time': '2200'}, 'open': {'day': 6, 'time': '1700'}}], 'weekday_text': ['Monday: 5:00\u2009–\u200910:00\u202fPM', 'Tuesday: 5:00\u2009–\u200910:00\u202fPM', 'Wednesday: 5:00\u2009–\u200910:00\u202fPM', 'Thursday: 5:00\u2009–\u200910:00\u202fPM', 'Friday: 5:00\u2009–\u200910:00\u202fPM', 'Saturday: 11:00\u202fAM\u2009–\u20092:00\u202fPM, 5:00\u2009–\u200910:00\u202fPM', 'Sunday: 11:00\u202fAM\u2009–\u20092:00\u202fPM, 5:00\u2009–\u200910:00\u202fPM']}",https://maps.googleapis.com/maps/api/place/photo?maxwidth=800&photo_reference=AcnlKN2P7YJVeMiYOUjZYXrggQXyb68qSOBwFTXd7poyXNczmGtVmMRrbh-DPSQ0l4U6k8y5XonUYTmhXkk__3tPQ57L6neNbUPg746kj2x8KkrvtDMeimuDXNTYy372dxCFxkGmUt_eSvnoGao3HxGtq4OejK29Q-3chQ3C6E-Mda1_urryQSIFCWWB4kVyfz6Yuo4AN4R3_KfhUthrPR_F2CU06sCrQmek-HIzUG4SWToRJU4B-pvWOkO39L9WBAybU3lGOI-YT_VImOTdW6E8-_kLXmjX3Y1W4UgQyNnd9bbyBYvvmAf37sVPaLji5qv7tYnq2wt2Lgu-MCSLvhJp-PmWoeenVJESRN0e9xAWkExE8hb6GGoF7EtsCFiTZEn5CC7QC-dIOwnBUmdChtb6g9TWJvnDOW94iMdHFph9YeVhRUM&key=AIzaSyCcwQBZ6KetWQisDyi2dimggf_c9CaL1AE|||https://maps.googleapis.com/maps/api/place/photo?maxwidth=800&photo_reference=AcnlKN1gx3BR3y8AOpiTE38aOIvQFTLtYz2UaXGsls6s7Xvi-55FC8m_kPWSlNQpYF3hSSWS6vlELDNF9wHIYDzGJtWSGcLfAaKtZqHgW_z5Twd1zgPj-4t3hXjyWbm7LiydY6atzhbctXhoP1rAlofNoKwtJXe7fpXpo1B3oTW0tdTEA5EkLhKu-S67x0ecG1FRMZqoCmHiBcEYT0Vp5CgUGfKgnIzl6u29BiCylqWN7maQQl437JL7DB2uBF_vDinyYiCw_pJiqP-Lm2iahqZM93L-j_m0M4HV7IThjH2Y9f6CPA&key=AIzaSyCcwQBZ6KetWQisDyi2dimggf_c9CaL1AE|||https://maps.googleapis.com/maps/api/place/photo?maxwidth=800&photo_reference=AcnlKN0tN2qzP69H3jg4mLqoPOpMEGLGgoe4ehRKeQgBadkxVOqNiYkX5jVBaFU_fS901ZCJBiJcFnJHw3qq94v5qngf-d6y_DgSey8BDybKS1X95Z4A5_0G_GqUQxX7fgGksg06tlDkh1nSK96WQ54jZ8d6lBrAUAATi_TOljAO9BCdMJrLsX7jHRK-RZRp0aCijxjTboqq0wo8QrzWUZdhjOSgVc7Z7oK_tc8lm6hjoZQsh-crLKWv23vp47s7ih1m15WOmjvYaF_GbVhkAacy9MurT5rIf5ciiV5SfPXzPs_zj1mYvc3hRODTZrASeZQ85SUoWHL974XhNmjBqsJ1etD95HMEu-M6J58SReuiyEgYFrSI9AP2cxPNjLjfyyzVxid60j5BFHpfUb0TWJiyJGya8rQvAfE7UYoHcFzISKqN2w&key=AIzaSyCcwQBZ6KetWQisDyi2dimggf_c9CaL1AE|||https://maps.googleapis.com/maps/api/place/photo?maxwidth=800&photo_reference=AcnlKN3MVsLKuX3a7RrJlARbuhdXfTjEg79QnFy0bn4uL0sX3QmTGYne5ctL6-N4tBEtCZWmed5wmMZNRihr_mPtm5v5QhyYA94693IM16ZEEJedGoFZXiHXivPPjYOzDGf4wUsqNm0fWf6Dlm8opNijvSFfXl_zo6-ZHHz_-ugBs6TEk8W3LdnI9pp-vA60VAuWSWWJtbC0n0UtItMTAzxzWTqNihBgX8AK6lTZvxGPCjkC4JKn1s4L3ccW4lMzBi-GbYEGMTbiQLJYl_oPjGifobtYB52KYAVxB-6ERcy_wIjl3j1_DuTo1JUBo1ClU5cdu5vPxxTAQ-sIDVmuwSYb3RV-tOQeytL5gPPv1_Gc9hBQpulbuzzbbTPC-NhsLDw9cHftVb_9oUWcNZeegwzNKKwXoSz9xREJEc942hGwO9B6CE93kmrHX4lZxlhbZ5OF&key=AIzaSyCcwQBZ6KetWQisDyi2dimggf_c9CaL1AE|||https://maps.googleapis.com/maps/api/place/photo?maxwidth=800&photo_reference=AcnlKN3LREAFKeaMZCmueQeyhBgAm6Civsb67kZgdW9hJ7RLYeWos9KoQAtWcp7DQEIr7Yq0ktEQ9jjmW4bLbL4DF2Vfwl8Bd7_AK0sJJSU2LOqqG8PpSXHrbw7bnWtalotIVgfLXLv-O7ZM9cyNU1tTp6SPrmNsc6zMprqXJvkt59Xv5Goq531mxihDmYIRB8aCze4pz3vQQNmJR6Wc8AF6WysTQdd3nKvU7uqApst2q2kbRnMYetchrsf-lxnQiK1BWPsIm4yrUxyZMRgBS4HbzJ31i3PyghwSeSUNy7aRH-VCThk26HTB4O9ALh1fqPtFLhvnCJmI6cq9HdDSYB76VMJ7B7IYCwED5fW2xR6-HkeBe6Cc6y70ZZnirbJj6D7Xzaqhy4PNVNF8s_C4ethTNOG4u9ipHX-d86EV-NBt4p9Y9Q&key=AIzaSyCcwQBZ6KetWQisDyi2dimggf_c9CaL1AE,10 items,ChIJLeAnL3d544kR-5ySCmGnFT4,3,4.6,ChIJLeAnL3d544kR-5ySCmGnFT4,True,5 items,True,7 items,https://maps.google.com/?cid=4473665840093502715,943,-300,"470 Centre St, Jamaica Plain",http://tresgatosjp.com/,
OPERATIONAL,,True,True,"312 Washington St, Brookline, MA 02445, USA",(617) 731-4210,,"{'location': {'lat': 42.333165, 'lng': -71.119939}, 'viewport': {'northeast': {'lat': 42.3346106802915, 'lng': -71.11859231970851}, 'southwest': {'lat': 42.3319127197085, 'lng': -71.12129028029152}}}",https://maps.gstatic.com/mapfiles/place_api/icons/v1/png_71/restaurant-71.png,#FF9E67,https://maps.gstatic.com/mapfiles/place_api/icons/v2/restaurant_pinlet,+1 617-731-4210,Village Pizza House,"{'open_now': False, 'periods': [{'close': {'day': 0, 'time': '2130'}, 'open': {'day': 0, 'time': '1100'}}, {'close': {'day': 1, 'time': '2130'}, 'open': {'day': 1, 'time': '1100'}}, {'close': {'day': 2, 'time': '2130'}, 'open': {'day': 2, 'time': '1100'}}, {'close': {'day': 3, 'time': '2130'}, 'open': {'day': 3, 'time': '1100'}}, {'close': {'day': 4, 'time': '2130'}, 'open': {'day': 4, 'time': '1100'}}, {'close': {'day': 5, 'time': '2130'}, 'open': {'day': 5, 'time': '1100'}}, {'close': {'day': 6, 'time': '2130'}, 'open': {'day': 6, 'time': '1100'}}], 'weekday_text': ['Monday: 11:00\u202fAM\u2009–\u20099:30\u202fPM', 'Tuesday: 11:00\u202fAM\u2009–\u20099:30\u202fPM', 'Wednesday: 11:00\u202fAM\u2009–\u20099:30\u202fPM', 'Thursday: 11:00\u202fAM\u2009–\u20099:30\u202fPM', 'Friday: 11:00\u202fAM\u2009–\u20099:30\u202fPM', 'Saturday: 11:00\u202fAM\u2009–\u20099:30\u202fPM', 'Sunday: 11:00\u202fAM\u2009–\u20099:30\u202fPM']}",https://maps.googleapis.com/maps/api/place/photo?maxwidth=800&photo_reference=AcnlKN0okuv9SwN4jfMbb_CnJKuXOvJnKotg2D60w90XtnLLEnx2ZqIgn5Qte9o_gdmPDDnLr_mEaJWhQZeFuqg0HwIwq6LqNgUAQELpj22ay4rSnabBrqTg1Jpi1DHW0x6xurkRCrETDYiSVIt17aSIXL3s4hxdesqgo3UECgKZysngmVBQRcHe0-VdNBRZGK0AOKxaYnADPKQaUyoSggFq2iT91Rpx4nxGDpar2yM6qKzrbxB4eud1BhOwXHSkHFk1xtGrzrahLi23Jy7uAECqF6eog513KemZmaRCaG_hXcZ6crar1J4zhLKfLwfeA6BuwOUgJBoGGoEyxgjBYQpV6mO14TWmr8ylOy39aGAWESS1xjvvoyQyoNj9dvqworuBrphd-ZrZf5093RB1iVUCEM49KVrQsOyGuoswmKh24GsBYA&key=AIzaSyCcwQBZ6KetWQisDyi2dimggf_c9CaL1AE|||https://maps.googleapis.com/maps/api/place/photo?maxwidth=800&photo_reference=AcnlKN2DtXa5oW2Rj2HBjEpm2QaXudgVgVJRV047X-MlDNqMk1m5xtj2207s0szTa7drkswWUd-B5htcQnUAQmtIuFMk3BcyIJwEeKoxapj7IiVcNndKKSsrW4Ngrtx5xp_3HTAUieIkZ9gkKnq4kKjpk3X1Z-lgPHXqed78f0Z7iYqebRUcF9ueslb8Jj1M5ca72OWCFdCQcwrvMOJDsxje7PAIcYYzxXJ4o86ktnokqu_Xse5Rj3gVVQTTwhHR2mH6HTkXkTrqHcfacJ1EiQuB0DupbG14URN-_5TkZrh_g2EB8g&key=AIzaSyCcwQBZ6KetWQisDyi2dimggf_c9CaL1AE|||https://maps.googleapis.com/maps/api/place/photo?maxwidth=800&photo_reference=AcnlKN3K6yM7pka9CRngtZjCJhYuksixxoCvr42Dc9lwAwPaSeHoLcOGNJrFJMNTDCYfHWjkAVibFE3JLmqe4tOPnt7TfwNJHqGLGBTNSyaWIokKog-H4xl1GzSsk0osQUGFTMZuHCAZu4xQeOJkqxq3830-gZkSSRahWJO9WUIeaPV5ZdmvtDiUQrbdFsrJOvSD5_OyLh5Dcp6I0jMBDGFkquNKcipx69OD_8AdYB3JowDV_WS4Hokh2pYvucK76VcqZ4-cFlnuBVHeji-JQXAFlFAe1T9bGl-BAjEJ_2cDBg7oRg&key=AIzaSyCcwQBZ6KetWQisDyi2dimggf_c9CaL1AE|||https://maps.googleapis.com/maps/api/place/photo?maxwidth=800&photo_reference=AcnlKN3quD-PtxrD_iEeO7gSpIOKq1WIv4a05LxYuZtj7Lyk70zbqgAXpJws6ZDfCUsEQISU2jB-sov3NKHlVI3eSSbp7s-DKAAGomShJZg8Lh8btMlNC_o2d3bsfvXfz-I1ziFa7sIQnP5UKUUTVh0u4ltt0wUtN67Y6clx4ihc0wzHSamWcDLjL2i3kl610AS1Epk3X-RcqzEKztNAfxlS3gmG7W0lgCoVODEzltHIw1P3ne1JEIqYiYFAnL242GC3LxFaw52kiu4OMcE9rh1Dob7bhTS3XTYMNn369rQh_qGmpQ&key=AIzaSyCcwQBZ6KetWQisDyi2dimggf_c9CaL1AE|||https://maps.googleapis.com/maps/api/place/photo?maxwidth=800&photo_reference=AcnlKN2NLYJpz_CY3hTMzl3RFON04Ph7R0ItfMT1-bvMJab8CQ_aVLptOPVUmYGbi2N_pPxRXNth2WyhG73w_MnnvAWZ48GmGEMqu9uuyhJDy8Zlik0ruCXfjwuQ0WlAZRzhcTk3GlIfv0v2M46JfZZoz0DqUkYcqXtVfm2zHCEoUjAJ40q7ZoqJXU6_ggCVA42o689_Y7AAqBVxXh0YkiF1bXCIhUWGP6QLqRry90ATXTKHikJToRJCnIegzCyte1t7whGMCJgNBmL5DJG7leKEmhIwR770n3sSCv_1sYkPTd1DNQ&key=AIzaSyCcwQBZ6KetWQisDyi2dimggf_c9CaL1AE,10 items,ChIJibaJFJh544kRYAmQVogZQYw,2,3.9,ChIJibaJFJh544kRYAmQVogZQYw,True,5 items,True,6 items,https://maps.google.com/?cid=10106387112154630496,231,-300,"312 Washington St, Brookline",https://www.villagepizzahouseonline.com/,
OPERATIONAL,,True,True,"7 Station St, Brookline, MA 02445, USA",,,"{'location': {'lat': 42.3325969, 'lng': -71.1179149}, 'viewport': {'northeast': {'lat': 42.3338572302915, 'lng': -71.11654151970849}, 'southwest': {'lat': 42.3311592697085, 'lng': -71.1192394802915}}}",https://maps.gstatic.com/mapfiles/place_api/icons/v1/png_71/cafe-71.png,#FF9E67,https://maps.gstatic.com/mapfiles/place_api/icons/v2/cafe_pinlet,,Brothers & Sisters Co.,"{'open_now': True, 'periods': [{'close': {'day': 0, 'time': '1800'}, 'open': {'day': 0, 'time': '0800'}}, {'close': {'day': 1, 'time': '1800'}, 'open': {'day': 1, 'time': '0800'}}, {'close': {'day': 2, 'time': '1800'}, 'open': {'day': 2, 'time': '0800'}}, {'close': {'day': 3, 'time': '1800'}, 'open': {'day': 3, 'time': '0800'}}, {'close': {'day': 4, 'time': '1800'}, 'open': {'day': 4, 'time': '0800'}}, {'close': {'day': 5, 'time': '1800'}, 'open': {'day': 5, 'time': '0800'}}, {'close': {'day': 6, 'time': '1800'}, 'open': {'day': 6, 'time': '0800'}}], 'weekday_text': ['Monday: 8:00\u202fAM\u2009–\u20096:00\u202fPM', 'Tuesday: 8:00\u202fAM\u2009–\u20096:00\u202fPM', 'Wednesday: 8:00\u202fAM\u2009–\u20096:00\u202fPM', 'Thursday: 8:00\u202fAM\u2009–\u20096:00\u202fPM', 'Friday: 8:00\u202fAM\u2009–\u20096:00\u202fPM', 'Saturday: 8:00\u202fAM\u2009–\u20096:00\u202fPM', 'Sunday: 8:00\u202fAM\u2009–\u20096:00\u202fPM']}",https://maps.googleapis.com/maps/api/place/photo?maxwidth=800&photo_reference=AcnlKN15gPnLGpW87d3cmhFqF4xr3RNXeDRB-Nzz44DpmpA_fRnZ0X_H4wH2VkbirJHzR-OiPwnxgPaiKAUYm5HnsYvl9QEVPV_xNKKc4x7ujJwMFFmQsOU4658M_m-FP1OVvMD4Rog7EP9pOuJ2ucDVUdqZqhXNow9IM2HJDyb1o6EiLs0NGNYADFNfs1-vopxdfaKUXg4rZi1SVu6i-ziEnU2vcoRpt5KhdoS5ZGVp0Q7xxhbnS8FwhVYg5dVMqXnzgC5JYHu-a_N1sui1MhEqAxh8W1ELDqBaaSYhGObGcs2chZfCojj1uxWJ9s2vIfHYt36QPSTWeOYUx7ooXPLPU6IgNKbQ5fTJ2gdi3PxfOhv1AoaAbj9O1lipDIUHJtf9dE0VaQJKWVA_EXcQcp8JsUPHGiI4f-azC-2l54PX6H8RM-OMS9l3DsPCyv7m7A&key=AIzaSyCcwQBZ6KetWQisDyi2dimggf_c9CaL1AE|||https://maps.googleapis.com/maps/api/place/photo?maxwidth=800&photo_reference=AcnlKN1B22aYEx7BvtodJvOdPcAl3H-h1CzHGBX3cwPc85Q4qEW6lYBLcLTt8lXE-h5k3RzsqKTbq9ehqV5S6KEUzjZeptcN0bN4ciM50qN4hEa5pLlFvzk9UFo0g-DCfm7TvT0E9BbDxVN3NJQEOTZ5frAUYrG4q6QM77H3X0g6QONbxi95a5TdMCJixVeMcrHs5sMwX324Jr-blA83I00P4qbIX2krEIFbQZGxwTrY59ULQKwz6P0yLt6-ZsY7k2EBmhj7tQYneg90hRRW4_lUjBrToWVl4nXWFvispUyFU921LMLjhO0o8l-iqzpKfOaSwGgxRDexPGHyJXXZfPcjICc_AxyMVv_Dndfk8RlXsRL84B8mhkKdfNH01kxnrGfUJFpswJrMHS_Dtqth42KEu-rHGwUYbK4ZN3NkRQzqxLLs4g&key=AIzaSyCcwQBZ6KetWQisDyi2dimggf_c9CaL1AE|||https://maps.googleapis.com/maps/api/place/photo?maxwidth=800&photo_reference=AcnlKN1q_-Hg-JJYKlwUoXsoxOqrP68PSlcliWL4IlHtQeCYQWZvzu99arCLFZ4cCENQeE54FYsT222kDm_Xh1IDI3WbxX2tJNs8x9IPp2JeKeo4mYwoASdekKX_aPUHeybbvpC3z51VcLBnSg6nEEtvmhFHS-_jhERWIWOQE331vjUpdwnhknjZsv7rAQ-cMeES2kdLoaS6GCo09bFB2w3mW9qg7WNIaAyoWy_-eS01UmGrxrJ6v3A4wC75UZ9zticdS21w0l0mACWH0wLjKMJD_wfFQ0BmxCpeQWWgEh5hvhhIc392-_86yZgUF8zSHTtLTJTWPxWhWzM-tP_TyjRjMTopxJKt_ZxuLJ3Q0-I9JsfnUFSLY5y5KdRHoPVjSjsGS2lqPdLzBLrK9x0X0jWlkem86pyA7oj_xA22mKzfJsP7JMckEBX_segAMRNfrQNP&key=AIzaSyCcwQBZ6KetWQisDyi2dimggf_c9CaL1AE|||https://maps.googleapis.com/maps/api/place/photo?maxwidth=800&photo_reference=AcnlKN2iTHQ00F4tOiE9jEFNqafAA18yUX62bDvi3Rb0a5PTECRpskGrz6nKT2LUuhcVrGfmqfd16CMNOU6maohj-B6lo-6C5XdWMgFw6pUGQfMe1U7YgaGh3_2ixwii6SvvcJFT60QxQkZta2GxZuY_wqRtiCMaGdbQdVs86YKrdQk7yI9c4QFFf6V_ess1XzoFmWGQPekdxKtOAREZgWiBHxVcwCOSKz4DJuVPAgOA0H6qB2cpfQxLIhElX8DX1XPKi__wAMQiRXDcv11d1IWT4YAJ4GINB5dOphGMeYlKoSAb9txq_F1TP5w5AcA94jo6G97NA4yegDqKYrNtdhS-Nbr-k5wuthmBdwmXt7FdL0UqflrR74QBlPnN7IPutyqUuCE07GCYu-yDxSSqASCbAKvSCAYruxC2ZHd8n5tfCLtBAS4FqyCBDAYFVls2lV41&key=AIzaSyCcwQBZ6KetWQisDyi2dimggf_c9CaL1AE|||https://maps.googleapis.com/maps/api/place/photo?maxwidth=800&photo_reference=AcnlKN1D3lo3ev1Rn9UnEQw-dqo6CMZdIuH-B-KxEMkOQRkrbc7lh4gmtd8yEX8GCtIzd87ZXBx_mAmCHTF_M7pFhdZpgzpBT31brNz9S39PRFDwDpfswWHaDtcqkRHMjX0gd1Q5OBIS6ob8GRRL6jcAZVc5i6c5IziXyeEASpX9amRx8v1iP0VVIHfd4tiQk86LXmSMc9y2yQEknf1g5m3HrYd-rjMizQZPQEcm1abD07KHNVPkXFwUBcpm5BQxkKmXqwvhRORgnjBF6UTBLOsiBddSreGRXAVUJ0OFkAVbtswMmo2IwtGpLsZLP5KjyXyVgUcMfMJG1X8PqV_YeY120kAqNgfyfUOqbVUuUibNmGhm6b4kmdghe1npBgjUTj7cUvlSfWhpWMR6eWLOkN3_PXYYwBRMK0uG7IIn5yHawR4ephWpb9_FRzt6RbS-1KWE&key=AIzaSyCcwQBZ6KetWQisDyi2dimggf_c9CaL1AE,10 items,ChIJPRFutJl544kRh1zchelFkVw,1,4.4,ChIJPRFutJl544kRh1zchelFkVw,False,5 items,True,7 items,https://maps.google.com/?cid=6670189392387923079,494,-300,"7 Station St, Brookline",https://www.brothersandsistersco.com/,
OPERATIONAL,,True,True,"41 Harvard St, Brookline, MA 02445, USA",(617) 738-5333,,"{'location': {'lat': 42.3346659, 'lng': -71.1189729}, 'viewport': {'northeast': {'lat': 42.3359736802915, 'lng': -71.11773051970849}, 'southwest': {'lat': 42.3332757197085, 'lng': -71.1204284802915}}}",https://maps.gstatic.com/mapfiles/place_api/icons/v1/png_71/restaurant-71.png,#FF9E67,https://maps.gstatic.com/mapfiles/place_api/icons/v2/restaurant_pinlet,+1 617-738-5333,Bottega di Capri,"{'open_now': False, 'periods': [{'close': {'day': 0, 'time': '1800'}, 'open': {'day': 0, 'time': '1100'}}, {'close': {'day': 1, 'time': '2100'}, 'open': {'day': 1, 'time': '1100'}}, {'close': {'day': 2, 'time': '2100'}, 'open': {'day': 2, 'time': '1100'}}, {'close': {'day': 3, 'time': '2100'}, 'open': {'day': 3, 'time': '1100'}}, {'close': {'day': 4, 'time': '2100'}, 'open': {'day': 4, 'time': '1100'}}, {'close': {'day': 5, 'time': '2100'}, 'open': {'day': 5, 'time': '1100'}}, {'close': {'day': 6, 'time': '2100'}, 'open': {'day': 6, 'time': '1100'}}], 'weekday_text': ['Monday: 11:00\u202fAM\u2009–\u20099:00\u202fPM', 'Tuesday: 11:00\u202fAM\u2009–\u20099:00\u202fPM', 'Wednesday: 11:00\u202fAM\u2009–\u20099:00\u202fPM', 'Thursday: 11:00\u202fAM\u2009–\u20099:00\u202fPM', 'Friday: 11:00\u202fAM\u2009–\u20099:00\u202fPM', 'Saturday: 11:00\u202fAM\u2009–\u20099:00\u202fPM', 'Sunday: 11:00\u202fAM\u2009–\u20096:00\u202fPM']}",https://maps.googleapis.com/maps/api/place/photo?maxwidth=800&photo_reference=AcnlKN3PBlv65nEj--6MLXfOPIfL0xATYi0-Ubpv1yogeYIe2__CR0c0nUhxC7FndozS_CBUKr5rMdhpHVY6cPwBhhR2EtNWtZQ8XGyfJDiz26kXnQGnOyCxDGAUmd-D1t1Dqx-B1uOY6HU_E3-OZdKDek-SO_MOQj8b3mRWfzKjhcNvM25YMGkSe-bGL7_RQZ9oJezzi1rrc0uiIM6TTxvIlOzbegQ0lYsku6pX3GVtJe9woqmRqBpJpfL9-hb7GH_cIij6yOmZwaRJ9w_86X5D3MQGveoDs73Kj8aLAoTqIDxsfOLlrih96j3KObWYs16ZdlTAQmTVLD700x2e6slEhh7LgBj2sahTvrrFaxpprSErswbVHA-7E8PKxUyZP0ATJTVsfn6IuuDTie8bovDC9k1VsE_YqvW5BXL5OL0Ia0Bwf1LJO52K0Ltbsv0-PuZ8&key=AIzaSyCcwQBZ6KetWQisDyi2dimggf_c9CaL1AE|||https://maps.googleapis.com/maps/api/place/photo?maxwidth=800&photo_reference=AcnlKN3QhG4EmB0QqVgod_vLjoBRvY8DXDRGtPm8q-yfzkv0c5b-tX030J-pE0YVynWWW6jY7ZjN6StBqLbFhl_OrbpljpFV6TzoiKU8uR7EBxQmCMwOrDsZgbVOEK69DXRLnq7B7iIitszMhR-BJBsyh_QBC9m14MG3NwrZFQCrMzQRmZRP67aX-WN_GUycZFrCH-ZimL5Aq1TKjf-K4sfHqT9Q5zReYxDSgJwpdepu7biQGuavbb9Eyw3_FbOo1c0xpX98PlZDFXlixqhrz8ISQqOYteg5I8WM2P-iGJuTXRk1UOVpCKRTb4426lfd3eWp4o-jp5xSalJQsqNExtkjwQLoJixbY5N4RHnopkw8-o8-LmOlyFDMk7LorHhOHM8mrMNtuXIv5u_Z7kYIiI7zk6CUdQr3g5FH2AwRFF91TWg&key=AIzaSyCcwQBZ6KetWQisDyi2dimggf_c9CaL1AE|||https://maps.googleapis.com/maps/api/place/photo?maxwidth=800&photo_reference=AcnlKN2wIZXKA3kWTr1ZEH3KhXF3hgujsIFW_mIl9t4ueD6kLfZEQsMpprn8JxQLsvjt1sQpSrpB8KTUDNhIshBi-erRQYBH_vXuQDwTt-Dx1Jybz1TdS-h5BEruwqIqt1hv6wnDCZJDGNuaee3kLBZGNTBCpZ3uqb_iO2hn8LLOybR-Aui27t5SFAWiaG_CWFyGKsjAaD1PU7uwEt_MTFv7JgzhTJafQKvTfoAie_TbCspVW6mbspU1ZZ_Rkevt1hGLzneWgi7hPVIVBMj30EqqGNziPpxOMHko6qDeOaynpUFYBa3dHmskzMSDglRBEXmQ0dehD6DWHPma_RJzwr1H2P8tXYEcPjeRfEGKDyXxNDLMydkRijbn02ghBj-scCuezx0cag-HElohd44TETgNd2lRrKTaW-OitXLn4O0Wo7MRhw&key=AIzaSyCcwQBZ6KetWQisDyi2dimggf_c9CaL1AE|||https://maps.googleapis.com/maps/api/place/photo?maxwidth=800&photo_reference=AcnlKN0LyGD-vk5UoNUbckA2CgM2XlcT4wT102I5TfbWnFpM7JKferKdCw506pqnnyMZVpmTVcaeT4IhSHex88LvVcguT0TyrClvj0C_Xu3BIYzRAIJaWvreN51lP3PuHNuxPRSP_DnZ3Nd0DyKHbHEy9QaE1YjtGttbuHN9id4TOJTNh3fJ_ZReVff35O97TZlT9Z7nVaHCslnDAzT8EetDlmXqMy26oH7qAuzogzihyQsGxp5d0JTaEn5iejlOwBereNS4HeBamC-2Imx8vr7NT9Gb2wAMpiIUTQwsAOFBFfcTP4p434EBPAfVpc1OdWsTI5S_tfDKBLoiJ6RTIf7xyQVCLsD1OYk6C51TGAX48WhzlPcCDTN3RAOWr9msqi9A2bWv60t5J97AVg_2y0m8a0zZIJ9unD-Tyqza1C4pKfazXViD-TcQCUhCs-emFA&key=AIzaSyCcwQBZ6KetWQisDyi2dimggf_c9CaL1AE|||https://maps.googleapis.com/maps/api/place/photo?maxwidth=800&photo_reference=AcnlKN2GKPXoGWQ3we-DD06t7XnNLYKCwur7JDLncbHzzAAdY6H0vy3f96WZwJhUlyrJ57BWaM2K6i6Hms40id9rlNovokn5WmfzUVdnf34qZ9GZ3818U0cFZfV0IxhmAkrRczj-HGTD25xYwtTrPEoaS0JuHa_fvpV3uIWCgpYGLT56tt5g3LbDk2WVDpP2gp6xikJpuD6dJZ9f6FN0qMNTwODVIeTTilD97DMDE6toJTfm7WbNNrEOxLiutw8DD4H39qY2BLjgk6umyL1ZCBBu8JQ6bPnNjZ-aIT5B7IvGXyS4Y6Jn3klodWVRjgjBd0WooYjPEbLZSDLgU6VBGeKI8wuuh-C9o0eYVGDjPiUCgkQO3JJrNHVmvxjTkqbdmjyUmvOqpVZR4_us39gxzMpUmi6GoXexzBjj_d_SPbEzd6NRug&key=AIzaSyCcwQBZ6KetWQisDyi2dimggf_c9CaL1AE,10 items,ChIJN9X4jpd544kRQUxG6ZwdAiw,1,4.6,ChIJN9X4jpd544kRQUxG6ZwdAiw,False,5 items,True,5 items,https://maps.google.com/?cid=3171129647388052545,820,-300,"41 Harvard St, Brookline",http://www.bottegadicapribrookline.com/,
OPERATIONAL,,False,True,"378 Centre St, Jamaica Plain, MA 02130, USA",(617) 522-5386,,"{'location': {'lat': 42.3220056, 'lng': -71.10933399999999}, 'viewport': {'northeast': {'lat': 42.32339878029149, 'lng': -71.1080321697085}, 'southwest': {'lat': 42.32070081970849, 'lng': -71.1107301302915}}}",https://maps.gstatic.com/mapfiles/place_api/icons/v1/png_71/bar-71.png,#FF9E67,https://maps.gstatic.com/mapfiles/place_api/icons/v2/bar_pinlet,+1 617-522-5386,Brendan Behan Pub,"{'open_now': False, 'periods': [{'close': {'day': 1, 'time': '0100'}, 'open': {'day': 0, 'time': '1130'}}, {'close': {'day': 2, 'time': '0100'}, 'open': {'day': 1, 'time': '1500'}}, {'close': {'day': 3, 'time': '0100'}, 'open': {'day': 2, 'time': '1500'}}, {'close': {'day': 4, 'time': '0100'}, 'open': {'day': 3, 'time': '1500'}}, {'close': {'day': 5, 'time': '0100'}, 'open': {'day': 4, 'time': '1500'}}, {'close': {'day': 6, 'time': '0100'}, 'open': {'day': 5, 'time': '1130'}}, {'close': {'day': 0, 'time': '0100'}, 'open': {'day': 6, 'time': '1130'}}], 'weekday_text': ['Monday: 3:00\u202fPM\u2009–\u20091:00\u202fAM', 'Tuesday: 3:00\u202fPM\u2009–\u20091:00\u202fAM', 'Wednesday: 3:00\u202fPM\u2009–\u20091:00\u202fAM', 'Thursday: 3:00\u202fPM\u2009–\u20091:00\u202fAM', 'Friday: 11:30\u202fAM\u2009–\u20091:00\u202fAM', 'Saturday: 11:30\u202fAM\u2009–\u20091:00\u202fAM', 'Sunday: 11:30\u202fAM\u2009–\u20091:00\u202fAM']}",https://maps.googleapis.com/maps/api/place/photo?maxwidth=800&photo_reference=AcnlKN0HeXzao_B5CVW1RuV5EucLxmBhRKTdih1WZjXvHufKbV3aS8USTQDd6cfUbZeUQuxvrMXR14G402Hv1jSWCWohPxm69u9Fwgko4jrb6d4GNSuP7f6ag0kMv54s8J1ka09TbiwdIFyz981Ue28FVv83pHRqnuzaQhv93ztNJWvOvCsMXP8vQa6os0x5MV4I7sq1_vbtpSsVI9g2tUgbs-ljTMxsn-bJZm7D9kaolsem8x_qF_7czXWMz_JOs9ZH0IKjxt4IUY4xpE-s1dUVGaDnFmeIN1czQkyOrT5wf72M53yfvvjSjw539zRBz1PeX8HA6dV3tMxO4n44eGT6p7iCbCvA2MtOaoexRm7SoSZOjBog_pjRUwXJWV7q1X2yJaEoqZomEoFsaahtHxhH73xEosFRV2upalgM0i5OzI5RN6de&key=AIzaSyCcwQBZ6KetWQisDyi2dimggf_c9CaL1AE|||https://maps.googleapis.com/maps/api/place/photo?maxwidth=800&photo_reference=AcnlKN1o8CKHv476CSnizQSqQpWWRA4zd_iTzvc6GnvdnGY6APJrRu7P0u_2JnH5xRKp9BRDlceGuNH7Q1ofIIH79CkWXvHqvS8fYao3wgeCW459LV2cuo3GBQ2faFzXP41Rm4ppBPPGzQHCg5f1KCTenqBxZw4zS80ZL4AglCzKEV7Pv6QCvcPmGBDxAyeUn_j8oWEX-yWI6O4MH0e2tfO68nWdphV3uVp90Ic4XuiSGoyRA74WZdBYj8DG0G_XEW4u1LuNPTnGmaFN_6BH3ZgX5XxXQkNnLD8kB0i9RZZ6YRfhxTND3okOI4BypCM1XqcRaFvfMk96MVHvVF7axAzJzu_sDrdYHWklR9iHv3ssdnv9CK9SPiUkWcqwm1Px8J0G_HyODshkeWCGULbF5h0fo_DIDwDRoUp4dJRNHxzaAdN45A&key=AIzaSyCcwQBZ6KetWQisDyi2dimggf_c9CaL1AE|||https://maps.googleapis.com/maps/api/place/photo?maxwidth=800&photo_reference=AcnlKN0BZVSjQ31agN9x4Wa0nvPF_J8B-jO6wxVdKnUm-m4vBeUt-eHEWOzRnyHePXXwJKp8LOz3nsp4u_19K7TLajT8gh1BB-eQuxsuWdSKHSghdnQfBBOE6cC5zazf8i7GV345D74iQkBf-YRJMGrh_Yc08_d5pDoOeRJfY1iI7oEKbW3IITmUFnjYR1tP4g_DK0a8owJVyKxO31e3R_jrNTxnbddFBrs9L62pLJ8ntvA65hikGMJL8ClTj9dcJSsRQHdujAW0O2Be4RMd7wMfxPiujegzB4RWaypFzkva_TSJXTlVNnx2YjJeYfsgcUM3nAqL1s_ZFlm5xe1eFZMEwaloek2h06i3wKLqE8B-X8VDt7a0gQ2R7Up_WXNQ4YECHlqELDlgi9M1mZHZ59Iyqt67uKbRZlY4LGnX9HJIK98tjw&key=AIzaSyCcwQBZ6KetWQisDyi2dimggf_c9CaL1AE|||https://maps.googleapis.com/maps/api/place/photo?maxwidth=800&photo_reference=AcnlKN3Ts8UFXhdBAHWwtFkZKItrl7c2EcLmppmKs1AEXs0pD1TDEM2w6r_thH94-0y-l4a9vp5wdlZ7xoKjNtHhSOR6Kbrl51Ux4cw0Kvg5kQQ-sOPYY3tMeEza_qwGHlftWDenTPow6S-xt1apTcAgL8ZzxJ7MceBCSmnQpryzgLOMpOyVp-noO4HVwfnTw1wQjY-HyDcgz0f7gYmyhuWBXJpJbv3ZmYhJZ53CrC6Bbxt27Gx70zSUwd3UuffvBb17QO666gCdh-2THkXgtD7l59iwFmRZM0GTk2IKepsxdQnZs2xnrw0AamaPsiEddW3xw0BszcaArt0uRne-V0k9bK17V1HFIXB4WrJAWhFQSuxEdmIvpkjyHoD0u7dYQ9zOYqr2CCBkKzeV5qPG6Y4Ru7xGsUwEmvxe830VFF6STxdfiQ&key=AIzaSyCcwQBZ6KetWQisDyi2dimggf_c9CaL1AE|||https://maps.googleapis.com/maps/api/place/photo?maxwidth=800&photo_reference=AcnlKN0G_0ezysTv7duaakAphxFMiHV3n3PDvDXDmvl_0eFbNXLm4lC6-9qIp2OuhrVfH6pncOOKph4o1AJdCrQGNgMHlRfJAilTwrufkz_ndFl727SGM5_OvL9gfC-2t0QnuL6Bf-o4DhF0_MA376YxPUtY86ZsEGhj-UbN5dV1wIToyW0iUf0jUY8X4SlLIUp4DoZ7TxILbeuZ1ypRmkqooo8eh6Wrm0fttqjO4YARxyJm49hq5VUJUKradUp-75TvIzBobtMYrw1ZZnVAqsvp3ADWRBe-AAwEj_RQe5g8-POIk9hr1T1DYPevYh2kB2Q9_jfEUFwaj3s_5gcJ53-ECahJ6yFqytdwuAw6AE5MwNAOt2AYv-M1LuXYai20F0dIrMI4v96AcFsoEb4U6yD-SBcGXW3PiPMtB5VVhxlLxgUehTZU&key=AIzaSyCcwQBZ6KetWQisDyi2dimggf_c9CaL1AE,10 items,ChIJY2jd9Xd544kRlozS2c3wL4w,1,4.6,ChIJY2jd9Xd544kRlozS2c3wL4w,False,5 items,,5 items,https://maps.google.com/?cid=10101557256128728214,474,-300,"378 Centre St, Jamaica Plain",http://www.brendanbehanjp.com/,
OPERATIONAL,,True,True,"690A Washington St, Brookline, MA 02446, USA",(617) 277-8221,,"{'location': {'lat': 42.3387314, 'lng': -71.1344989}, 'viewport': {'northeast': {'lat': 42.3401442302915, 'lng': -71.1331075697085}, 'southwest': {'lat': 42.3374462697085, 'lng': -71.1358055302915}}}",https://maps.gstatic.com/mapfiles/place_api/icons/v1/png_71/restaurant-71.png,#FF9E67,https://maps.gstatic.com/mapfiles/place_api/icons/v2/restaurant_pinlet,+1 617-277-8221,Super Fusion Brookline,"{'open_now': False, 'periods': [{'close': {'day': 0, 'time': '2200'}, 'open': {'day': 0, 'time': '1200'}}, {'close': {'day': 2, 'time': '2200'}, 'open': {'day': 2, 'time': '1130'}}, {'close': {'day': 3, 'time': '2200'}, 'open': {'day': 3, 'time': '1130'}}, {'close': {'day': 4, 'time': '2200'}, 'open': {'day': 4, 'time': '1130'}}, {'close': {'day': 5, 'time': '2300'}, 'open': {'day': 5, 'time': '1130'}}, {'close': {'day': 6, 'time': '2300'}, 'open': {'day': 6, 'time': '1130'}}], 'weekday_text': ['Monday: Closed', 'Tuesday: 11:30\u202fAM\u2009–\u200910:00\u202fPM', 'Wednesday: 11:30\u202fAM\u2009–\u200910:00\u202fPM', 'Thursday: 11:30\u202fAM\u2009–\u200910:00\u202fPM', 'Friday: 11:30\u202fAM\u2009–\u200911:00\u202fPM', 'Saturday: 11:30\u202fAM\u2009–\u200911:00\u202fPM', 'Sunday: 12:00\u2009–\u200910:00\u202fPM']}",https://maps.googleapis.com/maps/api/place/photo?maxwidth=800&photo_reference=AcnlKN2SOIynve9W5SI0L3coaObemUiDfBTV6eEKVJn3pHM7a4qLMw40N89LHPCrp0kg4kg9HUwpX97JNZ8gh3t8RjFf0qXpnm3WMXmXNAmC52jPTlArV1jsXF4SACyScr4huq7OKItlsQo_qLod20iQE3CsVl9y8hFHU7q92B2hLKgtkToDAgJZtSnnblIKv094st1EUd4sJzmfW-KWNMJKoTSjbz1GtouZhGnqWKZQZOsntaoYPhbVc9RXg6cyA8YTECf_QOMCD_4xVfXGSPlTjTgja_I1gVEhmDa4UUPPuU16dx8zNLvq820VqZBJ-kjxbkInqCQpW6_kmS1JQQ_c-NdntS3ijov8SzUMDQQsZBHPgC1-cM7VL2dC97hfM186ijiVYlJXFHYHB7V7eKXlMcQ06YBker5mhwtwxezb1DT53pzE&key=AIzaSyCcwQBZ6KetWQisDyi2dimggf_c9CaL1AE|||https://maps.googleapis.com/maps/api/place/photo?maxwidth=800&photo_reference=AcnlKN1_fr0zJZY34M5TQfaE1PApPiMhbocCoa6GCfL-H6TPXlDtMNWRDL9FxxEaneFd_hd4dy7Nuui5PWx1GRtd5Hkmfsn4MJGIEYy-KCzo4VR0aNqphr7lUvHVwDLWn6K67OdHft8qnnAFiqX4fBRCtsapgQPBoNDHj6NSksHMLqZUDNBa0T_3a061nmUnZuWRk_H1g0yFLCr8NpKDuk428w-7Ep5Djg-cyvxS_B9mpE6M2HeAxxlZixvqM65NddgMP4vG3tSMGW2H_2qdw_taqK3D3NXyA0FXqqNMuxYVgSa9QA&key=AIzaSyCcwQBZ6KetWQisDyi2dimggf_c9CaL1AE|||https://maps.googleapis.com/maps/api/place/photo?maxwidth=800&photo_reference=AcnlKN1TInEQAN305w9mnOCujY2JQnPzB1FgWfTMIMnuwiAXMgSmp0unJP3Wy_PwgfxuQPi0TYqdx1Qd2ijUmL0OloHvjF7UCH5MIWNFbwrvSkLBiqkyT7qRpU4EouxbgqQzgkmSt-pSj6KhDrGjijPx2r__MP-cDFdRArCHuaIa-2KW-FK1H4jow3hmkOLg8tmyNA6gJD8v8C8CmbUfIHX7uiPpWIVFv-khip1qutGCkIu5FAgkrU-AVhD1AezTqlYz_ErJ5Fn9sAa8wwGl4VwHmBXpYoQEljtXOhxRd6p-DJWIW3G675Bz0coQD0y2dbvc7PwkGUdHHbW8QeWNnjlauQegOTfXKhcWuDjrE7AdBF9fHvhb_xkcivpkxyi3jtMJK9DqPL_psvJ0fERbBjMcqrh-HNw7J90WNmNeRuiIczjL3A&key=AIzaSyCcwQBZ6KetWQisDyi2dimggf_c9CaL1AE|||https://maps.googleapis.com/maps/api/place/photo?maxwidth=800&photo_reference=AcnlKN1kbvt7mVx3i7g4jCvxgj9NTF4o0zOT3ASKcEVCjvCkIt2RMYhwVQhTOkrxASME_cA5rU9XZ-_y71smBzEBjy8P72Al3ZPKoVBS6vHHkgdCFrV5wV1BjGgaJ7iAqaSAyUs_VkfaaBjbepM7lsyx7r29DC1KJjRpSfXd_-tstKpGdLig_CCu1GrMzkiFvoMDcH-rU-63PtbS7B74LPdngBP8X_DQYs4aGdR4bIcfn9_rwiwDeFKxje2GrlUn6JoEF60PeYG7tdPSNUefqauIDHEE_BxinwpbDeA2r0aIjetgMy8dMpBeMlIU6BFfWxOjjNFQy5G1CDYHhAJM-0xNtnCchOt1ofOUDND1B_C2uGgMoPxNTP04Fy_6lNATH5Wk7oNB7VsONHTxqTUALBx8n1HVmDX7s8tT6gPwh6aMT_aMug&key=AIzaSyCcwQBZ6KetWQisDyi2dimggf_c9CaL1AE|||https://maps.googleapis.com/maps/api/place/photo?maxwidth=800&photo_reference=AcnlKN3OijcBkKwn2PRV85aknAUj1BaPl53vJ9w4MkR5RzSTVmqPJD6QGq2jH-ttVXgRU3OSjrG-9RGsyN3la5Yg5kiyqkVfqCBPvwGRDXlmi4T9LHmZALg4GYRUo64I8Uq7EkAeu5gK9TtCj0kvS38UZCFCgBL3rGJGeaNADgmxrEFAca39AEX6P1vwGsDy3oF7eVEI5FB_B8UK6ZiJraZc0g7vwglYKVLwQCgulOLpJA1_-_Pd0-SUohaDForntj7YC5QrvDvGoJLV-ihO3ro9_BF3z37DfiLNKv307Cu2046173XuOdvJGVGDTzxFXrp3o6WvwUGiCiFeMuw-L2qptABg41ZAQC5sVqBeCuwx-updnOG6AY6cPz73KQ0CtgxBiSjJsRhZjTGToZoBlmbWT5Ex6mUQupz4zmajxshJLOtTyBE3lou9mIPqDqltzIW4&key=AIzaSyCcwQBZ6KetWQisDyi2dimggf_c9CaL1AE,10 items,ChIJYe2gXbB544kR7TGExpF5l6I,2,4.6,ChIJYe2gXbB544kR7TGExpF5l6I,False,5 items,True,4 items,https://maps.google.com/?cid=11715966622635405805,234,-300,"690A Washington St, Brookline",http://www.superfusionbrookline.com/,
OPERATIONAL,True,True,True,"8 S Huntington Ave, Jamaica Plain, MA 02130, USA",(617) 731-9880,,"{'location': {'lat': 42.3318175, 'lng': -71.11180259999999}, 'viewport': {'northeast': {'lat': 42.33311808029149, 'lng': -71.11054366970849}, 'southwest': {'lat': 42.3304201197085, 'lng': -71.1132416302915}}}",https://maps.gstatic.com/mapfiles/place_api/icons/v1/png_71/restaurant-71.png,#FF9E67,https://maps.gstatic.com/mapfiles/place_api/icons/v2/restaurant_pinlet,+1 617-731-9880,Joseph's Sub Shop & Pizza,"{'open_now': True, 'periods': [{'close': {'day': 0, 'time': '2100'}, 'open': {'day': 0, 'time': '1100'}}, {'close': {'day': 1, 'time': '2300'}, 'open': {'day': 1, 'time': '1000'}}, {'close': {'day': 3, 'time': '0100'}, 'open': {'day': 2, 'time': '1000'}}, {'close': {'day': 4, 'time': '0100'}, 'open': {'day': 3, 'time': '1000'}}, {'close': {'day': 5, 'time': '0300'}, 'open': {'day': 4, 'time': '1000'}}, {'close': {'day': 6, 'time': '0300'}, 'open': {'day': 5, 'time': '1000'}}, {'close': {'day': 0, 'time': '0300'}, 'open': {'day': 6, 'time': '1100'}}], 'weekday_text': ['Monday: 10:00\u202fAM\u2009–\u200911:00\u202fPM', 'Tuesday: 10:00\u202fAM\u2009–\u20091:00\u202fAM', 'Wednesday: 10:00\u202fAM\u2009–\u20091:00\u202fAM', 'Thursday: 10:00\u202fAM\u2009–\u20093:00\u202fAM', 'Friday: 10:00\u202fAM\u2009–\u20093:00\u202fAM', 'Saturday: 11:00\u202fAM\u2009–\u20093:00\u202fAM', 'Sunday: 11:00\u202fAM\u2009–\u20099:00\u202fPM']}",https://maps.googleapis.com/maps/api/place/photo?maxwidth=800&photo_reference=AcnlKN1DWvSLtOf06bJmMm6ux9DEqHjxtyjGsoldNiVV2KydPvQqslDZam5NiJluasFpf8nYGKVvF4ZK3_rHoYQvVI2Lc-jYmaJ1g2Xnwbna7nT0Qvk4f6oT77v89oVSelmXx6-OW1Cx1YPUg4JBWoz-eXmRky0S9jCPkR2nQqkVT9x70bf_GlPFbSSk54lXLXhmYzX_oTw6Sh20-CqvIadGGLT1Dg3lIXHBNK62_y3Z5yWYGoZw9l58ywEkJbCnYZOlaBtlShT4A35R-acctWe0BxpSZqM3KzuYKRmTD-32hOAOB86Br8YiXAzA_p6XBaO1LE8tu6UUZUH220aVtINuTrGwVxW60dzJcxo9w7hAwvFBMlPp-mA2ahdjxQe2Qat0QXkM9nwSRwu-W_CtsTUS9qMU6DuJ8NLK1YGosacXiNAFrfdd&key=AIzaSyCcwQBZ6KetWQisDyi2dimggf_c9CaL1AE|||https://maps.googleapis.com/maps/api/place/photo?maxwidth=800&photo_reference=AcnlKN2Bai6QqaDwhE-hDf0bfcfwNz7VN3n8yAvl7D1pKm2dzjKMLRcohH1dicrsfoa-jzWolIGfZfH4-JyNJlZ4Bc6Z6nXlyEmKSEalHxX7Ar8xSWzTf0ZGB3y5pFDYOlNm9S-7ymqaA-6_fE_-ahMLOULp-KjaTEmDvRnqkRP_9TlcREccT6hVbj4q3Bqv3r5_h3p_-eszS8wYCdVEHAs89qk9m0T-FOFYakRCshQ25BPtSq_TP4J8_0WSZzE4XfWephKSJPE39lzXB7ybZc8lcgQzRqknNfHKrv3K2cMQ7aqSvg&key=AIzaSyCcwQBZ6KetWQisDyi2dimggf_c9CaL1AE|||https://maps.googleapis.com/maps/api/place/photo?maxwidth=800&photo_reference=AcnlKN2nHO0kE2DG0YFQm_f0mIhbjuMkuQQQk9QOGDVIE9w-raPlsqzXk3ZWp_iCneV5UzD7Se_-9dGLE72Th_fX_4UNt9pPn0K52VQevTRdmSuwUElRUHl-i6b8g9ukR_3zur-6JCmSUdHPexIc_rmAvA9_zFAC67RBtFaiqsFs6v4fpj7xwJj2VRq4ydNgLVxdxkViXAjgIHkjkF0khj1v2ZczcelkDXl1NUbXfOig1S8hlbCMmDgh-uPuIksfaacayI_MMfDselGA32pO_nzjbH1ctEx_iTa8uNwOM3Jfc1mTz2BkWRjyPJ09b7ITcA6MBBp-ee7PhqDpVqZoV6c5lS8TtWNv2jfjxlak1vbWiCPSWouPXMXT0vKlsSmsczUrOJSiNOmk3DuUQjVYjHRuC0Z8Z-wnz5rFFgLK9iAcLK6MVg&key=AIzaSyCcwQBZ6KetWQisDyi2dimggf_c9CaL1AE|||https://maps.googleapis.com/maps/api/place/photo?maxwidth=800&photo_reference=AcnlKN1Isg9KY7a0lVBUU6X6WD5XWFQ_qQ_2uzFaWzp5pgJUF6x_wCvaUdPooE1MPFrm_NS565CsgsoWrAuV96qoA89regpa_oKQPmxSbOP1K9F0OQvr4K_Q7s_mJ_8V7uQ8ss_C9pWUtIyHgVmHeDOfOdJ092xzQbtX2ewRt6BU1a1VciA55NyKIHonHvq8IEyCq2RP9f7uS0K8h2J2y7OuhTbx24BbybgEkurcEE_5Ti24ddllPspPiS7ZEUY_SjS18Y9y5HJOny-oB4W0oJ3ngrSxGxWbSHDGOaNgA_12XpgBw4Zs9aQEDqBTfvUfBdl00bD999G2BOJfqOWGbAstVLc3RZvm1YWIGat_EayuXBWb0Y4HlteNW3B8TyHiwv0QPoGg3hwObqcHFAt1Ip7WW73BLsQdgMnC5cDLmrTbZbVRt-yJ&key=AIzaSyCcwQBZ6KetWQisDyi2dimggf_c9CaL1AE|||https://maps.googleapis.com/maps/api/place/photo?maxwidth=800&photo_reference=AcnlKN1f6yDhZzZi1JDU5ckyJSt9DG8TW09jScWfwd6nf0LsSJaPvmvtNoYo2qNhz4otRASjcsZ3-6u_-gPy8rB4H21LB0BoPKGUoP9d4axNMgy0GsPcHbc9wXx1hNGeAHXAPwCWkibfhy7LurzhjgqdOYORlJyULtQxiLXh6HPRZCNm4wFWDRVi5Vz8IsW7QJW2-S0z-14Vea_A2hmV1cFfwkAQME--BBNfSFxV4vOsRnCwHu4ZnnY4GnovVsaHhbtt-EhF7F4tioM37VCXbBB2P5OjjG6X1tx1OQ2S5UFS1nyMOh4AicWKDwiIsD59Bx5VnoOvL_sUO-bczN4xHTAEXf2TpgVR9YtZ0ZpzVPzgTXR9rxBM30ndM1X7chQ4PqcoO4HLkYUx5JsXLYJ5EXSxYurr2iN9U7f3FDF4Y1CAa0EA1w&key=AIzaSyCcwQBZ6KetWQisDyi2dimggf_c9CaL1AE,10 items,ChIJgZXD9Jp544kRUgoJJ8WbC3o,1,3.7,ChIJgZXD9Jp544kRUgoJJ8WbC3o,False,5 items,True,4 items,https://maps.google.com/?cid=8794293968436791890,281,-300,"8 S Huntington Ave, Jamaica Plain",https://www.josephssubshoppizza.com/?utm_source=gbp,
OPERATIONAL,,True,True,"370 Boylston St, Brookline, MA 02445, USA",(617) 487-8684,,"{'location': {'lat': 42.3297533, 'lng': -71.1266838}, 'viewport': {'northeast': {'lat': 42.3311692802915, 'lng': -71.1253532697085}, 'southwest': {'lat': 42.32847131970851, 'lng': -71.1280512302915}}}",https://maps.gstatic.com/mapfiles/place_api/icons/v1/png_71/restaurant-71.png,#FF9E67,https://maps.gstatic.com/mapfiles/place_api/icons/v2/restaurant_pinlet,+1 617-487-8684,Chiharu Sushi & Noodle,"{'open_now': False, 'periods': [{'close': {'day': 0, 'time': '2100'}, 'open': {'day': 0, 'time': '1200'}}, {'close': {'day': 1, 'time': '2100'}, 'open': {'day': 1, 'time': '1500'}}, {'close': {'day': 3, 'time': '2100'}, 'open': {'day': 3, 'time': '1500'}}, {'close': {'day': 4, 'time': '2100'}, 'open': {'day': 4, 'time': '1500'}}, {'close': {'day': 5, 'time': '2100'}, 'open': {'day': 5, 'time': '1500'}}, {'close': {'day': 6, 'time': '2100'}, 'open': {'day': 6, 'time': '1200'}}], 'weekday_text': ['Monday: 3:00\u2009–\u20099:00\u202fPM', 'Tuesday: Closed', 'Wednesday: 3:00\u2009–\u20099:00\u202fPM', 'Thursday: 3:00\u2009–\u20099:00\u202fPM', 'Friday: 3:00\u2009–\u20099:00\u202fPM', 'Saturday: 12:00\u2009–\u20099:00\u202fPM', 'Sunday: 12:00\u2009–\u20099:00\u202fPM']}",https://maps.googleapis.com/maps/api/place/photo?maxwidth=800&photo_reference=AcnlKN2BSzXxmP04WE-D_YrhUNUHj3L9MusvpbEyfU9qYVCcWYtfbnr_iTpnGkVakABTOyP9mMMaueesbceMqaUfTj8wlQAMyEuL9A2ksQ3zZTTsRzj82EIZdZ1w8eHEL1cSxWHOlfvbi-tutRLZPHkkMF2aZp9WK9WY5xC8k6fD3L5DisqrX_QpND8bRnKadz6oiEs5ke3dDbjBMcyTW-SQlNmNnSOJSxTV7__UcMce1bKujYdlRsyUJuvd4UYAI3lkgZKywQsPiCWnPT2OImy3L_6eBfa0Ub9d5SZBDSv8C5mYXHv7sD2kMKLtI9tLHYNs1kVtvQf10pa7cA1pYtFpQePhgpqFAmieLtEBd_2wPdf2BPgeoGKtwuYEA3GxdYVjvO77GAFxyx5V94XzOCRAJJvKW0KY4aDMWyPQbi893xFtlJW4&key=AIzaSyCcwQBZ6KetWQisDyi2dimggf_c9CaL1AE|||https://maps.googleapis.com/maps/api/place/photo?maxwidth=800&photo_reference=AcnlKN18JdntXX_uJzXRFhbBWJ4adZdaD5zPeB_P6XtGrE-cn_Aw3hRKxzkHr2FG0Dc1kvOGbhDWZsmOHljoc3SeSxsvcse-jXNJ8Fqb64vN4YhBNj6eeztS3QPeaiEnsI6JYdl9LP01uPK6Zi9vkJ9lBVQe4Jaeh7d1FAL4TFO4Qb0X8q1ZBPVGRoTRRPcXfYoMQv2OTz3vUjiFmFIit8P0Bup7AlqfO1-b7Y8-WAgOnxo3T3zqnGPkioUEkJI5Ih3V0qrDfDfhIQXJp-D4VKEglQ6_RKdkZQ3rFEj9-4kw_-KQRl_JnuEan8uTH2EFe1mJrKxovvM_q4YOupcyNjSOY_LmSRkp8GAhngmrHCwMGb4bkF21g0NOkqyjFe29UjQnbi_urYkLt4EZYjpn3wI4xECvLmfONAwEOI2EwiAJBnz8XKVL&key=AIzaSyCcwQBZ6KetWQisDyi2dimggf_c9CaL1AE|||https://maps.googleapis.com/maps/api/place/photo?maxwidth=800&photo_reference=AcnlKN1X5m45oiV0g64co9nuoMOY4BVoGHRIVvbcwmKu9v9_VRaPjmSsCfANt2TUR-wPpg1nspWa0x66nkaLKQgu3aVot2TVXTCUb9GLPRpOH-eoNx4tre8qlU_YUrxuLbU69B9JqQj30XOIV5IyrUbyWuOj6mlw4RoSKXvcRLY43-s90rzOt_wxxtsH_kV-tEEfUIh6c9VxGRu1P3XdKTuoDTtpV284YfyAo6WnHe7y2RrgJXo4dy6vEVHUOqm4wsauLUKxPxwGijrQtUaFBcXwf5z_UW5DUCcyrCbOjueKKFcZkVsEniaxQFvJcvpFhSB4w4OUTjP4UFpc3Q7WJh-9Qp6992m9uSs1JoviWhmhsGytR4MES1prakJIwvGjYKbC3XaRpYhktwPC69SCwCg-EUjR7r4ZawTi6cSpDA9ZYlqfuWBS0eVRThm5MFL7usjT&key=AIzaSyCcwQBZ6KetWQisDyi2dimggf_c9CaL1AE|||https://maps.googleapis.com/maps/api/place/photo?maxwidth=800&photo_reference=AcnlKN2Tr4zUXM6qxzzXAZlfyJE_4BpGMg3fQ_ZRPTvWKOVSfnxTPavDAhzaU_Wqp0z0Pvx1aVFZ9ReN2gbm9g0blRS0ZwG0Xrg_ASg4G7_UZaimcscEpsAPhoxAtdrGbRjYnlEzuwfxvOJwZKUMqqgBohhTfKCNkZ4AbjQNiGpl6pVQBsFsXnDjP-9--fR_j4rQrUTqF_p3D93wJSRMpd5burvgz8YmFDezmjbRtxEG9b2yQaMa8rlnZoSIrP_RIRNmrz6-mbAlZNOZK3fC6Xa455uRlJRpXe-pyktKtIkCizG74ra93TasGttVy0ZbjZO6FfWQRYx94NsUUZ5lQnejgQWQxAmt_p617uAAdupsC74Rx3PiBaTHW8SZz6Rp2ZNnMebvV7Hn_4glcofhXCYq3VC96f3WtgDkwcVpFaoXx1p4toM&key=AIzaSyCcwQBZ6KetWQisDyi2dimggf_c9CaL1AE|||https://maps.googleapis.com/maps/api/place/photo?maxwidth=800&photo_reference=AcnlKN1k6hv9OcfnUfbOmkaMBM9EyrqEUO4kjSnGkFRnuWsEU-JFDShkST655WbL0xwDcHA7yllm5ZpLLg7CehooQkZW0NS3--rBgRf7LNsi_zUv4AKcTf9KfebegGM91fGZhQNWMcqVlB43Eqw6cDSsItLtrfLHz_UY-cb5iP2zi23oB58lgkNgz0AK5tzNGA72I9J-ulxeJjusWD5jlh3G06s4SG0ytFe0pYQLYstIEVmTYx3d9kcTiw4n0hOFCFRgNkitRDyWnrSzeSgKQf8BdgzWAkcyJScEiOREnlTCds65HKfMbpMI-TmvICp9LDYYaNFpaoncBMe9B9J-HupBrRERI8kUFwVUEQzDqgp8jD3kYcIF1lxs0UyGkyaHbl56jRTmjo72h9qohiO6wMiJX6cNw6V4Omradj9bOPCmVntBIE90lvDHSgGgvJIxqipz&key=AIzaSyCcwQBZ6KetWQisDyi2dimggf_c9CaL1AE,10 items,ChIJ7dPeS6F544kROlCr2lBUUH8,2,4.6,ChIJ7dPeS6F544kROlCr2lBUUH8,True,5 items,True,4 items,https://maps.google.com/?cid=9173925147196477498,369,-300,"370 Boylston St, Brookline",http://www.chiharusushi.com/,
CLOSED_TEMPORARILY,False,True,True,"293 Cypress St, Brookline, MA 02445, USA",(617) 739-5500,,"{'location': {'lat': 42.3254807, 'lng': -71.12234509999999}, 'viewport': {'northeast': {'lat': 42.3269036302915, 'lng': -71.1209726697085}, 'southwest': {'lat': 42.3242056697085, 'lng': -71.1236706302915}}}",https://maps.gstatic.com/mapfiles/place_api/icons/v1/png_71/restaurant-71.png,#FF9E67,https://maps.gstatic.com/mapfiles/place_api/icons/v2/restaurant_pinlet,+1 617-739-5500,Brother's Roast Beef & Pizza,,https://maps.googleapis.com/maps/api/place/photo?maxwidth=800&photo_reference=AcnlKN1rrjTuRhnB_gAl3ymPC1QIiJhGwsD6eToYi7BHh2DVTd_QKKjSJEgibtNZWiZvnHVxRUyimvORpeTeVlykef3VbKdBEmy4mlkmP7LlLa100DHkATpwhavhBGHod61WwLboSkW2dLnaZEiN6yw0XKZipg6u4RxuI9XgwaGfBC-z9GdiKq8xA6cQK8VIbd-AiamXEsL77RSHwQMbXBTjNtMQvYLkVMEXsg2bg6RS-pI8QjBrXoFR2OKd_X2ok8UMKZFbhwgiewQJGjiiSA5_zp_yNtIe1ktbwPziNeCXz9sQ2g&key=AIzaSyCcwQBZ6KetWQisDyi2dimggf_c9CaL1AE|||https://maps.googleapis.com/maps/api/place/photo?maxwidth=800&photo_reference=AcnlKN2nZV8eVu9qiprmrOx5KxWlCVqs6HiesUr786oO_IP23wWaDcVtDx4Bt0xD3tYf0uTK9d-5FJYY03UgdntykHp7eODrhIN9oYYWU4OkOQmLfoaHcoQloW94BzL9uCL1ux9g7YyhiSYbtE3cpEvyZzGZ1O6EJDejwgZ7z8K3VA9T3cew78evsepaP8b5CBcAxv9v-HvHSJtWLxVymfVwtAWJQbprmn1cksY3_mtNm0Cmc6OaQhtDpO78zhq44HTRwP1r960myvi5H7SB9vYkwzIIN53HKLVAWadblprJv1DzqkHJX3BkNgrSz0KrsvT2pTSA58gsH6EiemHrVfO7Gf0fRFhuZ5Wql086JS3DLfDaRNOxYc2b-3Ot19_U4Tnoa5a2pHcPYWV7h1TWpCwW-17AVe0iFoV0mHlyJTYndlI2GA&key=AIzaSyCcwQBZ6KetWQisDyi2dimggf_c9CaL1AE|||https://maps.googleapis.com/maps/api/place/photo?maxwidth=800&photo_reference=AcnlKN1yN2WnfkS6RP6VMyeo31vN7FH97RxHdVdaNRscIIwcHIDOW7XQoJ5zsXQjcNPWYFgJjZLRdYCuNkzrqx_xizeGolwqDqjBPUct89kbKkoNfjFZR6lLPy-kjqtmyMb7-nZMApXf0xpp1LomnYLm5TvFWuYHft5lT3mRGYcYYAirdXc-rYu91WJB5298wYavNsSqLwVlf6HobqX1miEg1UVNp2bg9W0Tnuc9SJFHZbtpe2DCsX_MMtScxZ5fyNxUAH6Q0AjSP_8mtRZMnacjhf2spyjfxiGMwy0dQ1Atu2KlXEkKnMXbORWJ5EZ66SDmZ-x_qolRXez5P0Tb4UP9DkcFkzsej14DWHV58TV81am15voa8ojQ0pDWEvS2DjeLCYw4RYYI8aisgk1ZXKIXHHwPkGkO3_wzRIvMVCn0_AdnXVZz&key=AIzaSyCcwQBZ6KetWQisDyi2dimggf_c9CaL1AE|||https://maps.googleapis.com/maps/api/place/photo?maxwidth=800&photo_reference=AcnlKN0bsb1iHzRD61Ux4m3vU9MF6DVvRXrx-jMNRbAf_4uMIU8BBlYVqG8ZDhx2VksZcvz2FnkUCeNCh1yu88Y_JyRHkNvYp-VctocOSNUs1cEEmM2C3eSKJuqZjvShkftyClXF2rINEF6kmHUmoSqMVDzXmc9BO8B_pZGTPMH7NSiK-it9wNCCrETp8LmplZqqtyBWuFuQ6uqSaIy2Ng10lQw72W3Q_lZAtOn6sdNYsMuYQv3t1AdpjcMCsMP-YiixzRppLRSgm-y-RdhvUndzGzGLNcTq1qulyUFvcABt-BfHm9no08rp7v8YL2ji5mQ7EiNVBgZs2nuaMBTVtaD9Cv6Obe6fUdDHgwcciZN0BdEsTRG0EIwV12U0hXtEEatXVo-vfq3RYCurM-a1D-sN4-QAdqw08crgKG9dz1pHcZs&key=AIzaSyCcwQBZ6KetWQisDyi2dimggf_c9CaL1AE|||https://maps.googleapis.com/maps/api/place/photo?maxwidth=800&photo_reference=AcnlKN3N-vibWlgEuE1qMMHAHC3wb11zBDADi62z1rgldK9Wyw-Ww1gazDps50DYS-FhqJBiN-TR9bCXCFtRXjiYBoaDzdTJ2nLWuM-ZWwwA2A8xA2nNA84K-l-NnU1yxZLbVEzSSXIpSIGey6J3JhTW_ZX-5HZ7RwWaV3npE8ak8LaM09enau0pzXPEx1u0F2GYcmnsLjgQ5cHPAXHVzL6buANGnP-pEsopcmaQmx2WyIcfpd56kNme0dg4CmCo6EVqaqwtAnaqLi4m4JK8wcOakgRyF-SclohKccWFc1nv8vdftRlW9eS-KL3eJvOnOIw5zjKEOYTlTGHsLQzdDCA5ojlwztTCK2oxlspAzh27tK2fiBdY9mDJUnF5cCw50nKFn83uhUe1XNKagfI3qLfHaWcXcjVHD3-knlWf4GjtlprFeXLh&key=AIzaSyCcwQBZ6KetWQisDyi2dimggf_c9CaL1AE,10 items,ChIJZRB_DKB544kR2D0ZJtYVKJ8,1,4,ChIJZRB_DKB544kR2D0ZJtYVKJ8,,5 items,True,4 items,https://maps.google.com/?cid=11468440460605341144,150,-300,"293 Cypress St, Brookline",https://brookline.brothersroastbeef.com/,
OPERATIONAL,,False,True,"295 Washington St, Brookline, MA 02445, USA",(617) 734-1870,,"{'location': {'lat': 42.3334213, 'lng': -71.11941949999999}, 'viewport': {'northeast': {'lat': 42.3346993802915, 'lng': -71.11810261970851}, 'southwest': {'lat': 42.3320014197085, 'lng': -71.12080058029152}}}",https://maps.gstatic.com/mapfiles/place_api/icons/v1/png_71/bar-71.png,#FF9E67,https://maps.gstatic.com/mapfiles/place_api/icons/v2/bar_pinlet,+1 617-734-1870,Blossom Bar at Sichuan Garden,"{'open_now': False, 'periods': [{'close': {'day': 0, 'time': '2130'}, 'open': {'day': 0, 'time': '1200'}}, {'close': {'day': 1, 'time': '2130'}, 'open': {'day': 1, 'time': '1130'}}, {'close': {'day': 2, 'time': '2130'}, 'open': {'day': 2, 'time': '1130'}}, {'close': {'day': 3, 'time': '2130'}, 'open': {'day': 3, 'time': '1130'}}, {'close': {'day': 4, 'time': '2130'}, 'open': {'day': 4, 'time': '1130'}}, {'close': {'day': 5, 'time': '2300'}, 'open': {'day': 5, 'time': '1130'}}, {'close': {'day': 6, 'time': '2300'}, 'open': {'day': 6, 'time': '1130'}}], 'weekday_text': ['Monday: 11:30\u202fAM\u2009–\u20099:30\u202fPM', 'Tuesday: 11:30\u202fAM\u2009–\u20099:30\u202fPM', 'Wednesday: 11:30\u202fAM\u2009–\u20099:30\u202fPM', 'Thursday: 11:30\u202fAM\u2009–\u20099:30\u202fPM', 'Friday: 11:30\u202fAM\u2009–\u200911:00\u202fPM', 'Saturday: 11:30\u202fAM\u2009–\u200911:00\u202fPM', 'Sunday: 12:00\u2009–\u20099:30\u202fPM']}",https://maps.googleapis.com/maps/api/place/photo?maxwidth=800&photo_reference=AcnlKN3EgmKD6v5dL2GXwGSnvm10fYUlH123EqFKyAVSQ7Xdar5B1NNrEQHJx8RxreyBlZOqh2u7EI1DEQH0JamtNNx7fwv0PB8nmVTJ0GeMyFIup8LyWFxQTF8LTMk6cYPAt2JT2t87EBQPg_Zaa5iR65gw-OEMPccFQlQeYAJOoH6-I_k92UGGBPIG7iUL2jOGnyGpQ3-NXB4Oe6jOLCBUBZcL-kGkKwKHziAv66M4hOprxQcB5Yweidz8JUGqjP_StrVZ8ZCGqcmTyqM5te4mDddjkytpTjLNELw-hR412u17Eg&key=AIzaSyCcwQBZ6KetWQisDyi2dimggf_c9CaL1AE|||https://maps.googleapis.com/maps/api/place/photo?maxwidth=800&photo_reference=AcnlKN2bS_ydZ9mN51ybV3u_mLteN2GYPNdZ2uXOtQgsInOvxKbYqzWyRYbsy1VH2m5ujiXjy3eJEQ04OSj2v66jTYN_RRPKEhaJXrU8pRaWhw8_PojYY5Ocp9XcRy9zNuJUhg-du3o6t-hNFjJAGJXxFpaVK8ZPNLn7ndyTQ049C8Ae_mY3zOo_0ojnbhRMf7Dep7vbg_No4axn-BQ_JT0scvrEOvGq9rso6wKiy9aZGSV8baq6PDnVG2LN6CXbI2TucVxjFdCpyfznym9S61n-Jibsfl-NZGP7rIY0bMNS0NfpvQ&key=AIzaSyCcwQBZ6KetWQisDyi2dimggf_c9CaL1AE|||https://maps.googleapis.com/maps/api/place/photo?maxwidth=800&photo_reference=AcnlKN39hCPSnJ4ZjeFCOPbT-IY4oSS5yZC5EaoYSGT-7ZbzjFu5zHStpA8yM02L04ZmmTIN--MPOOc9qYipnybR_kYxTdvl_qm_ddCCl9DEWRevUmluXTkzG1FIqAsgFUq-HxMmrpOse7Xd2mhnsp2pfKIdwQKuhzpi_Bbtmos2cnWKEzswTkmV9chWnwR-pj4rdoNPaiYqBhEiH-YFO7ON2MGxSHvEVo7Hy8sSywNwI5tlHDIzAEOHodCuVpgZnBJh-VUheZEPYv312Eb-ktwVdyn1t-M1k0DzQ3NSpli3shte2DlKk5OlPpU4bni9Cckav688fhwF56sil6aEQfx9_zrgD9mqPbJWOarEH8BGHpMZ8Mclfk9Uq2QNiyoJynv8qt8XmF3bOuFkwWmnuIyt3F5U3cw7mosTleCMAx7QmXreiGPm7ukbfDIHxu5Shw&key=AIzaSyCcwQBZ6KetWQisDyi2dimggf_c9CaL1AE|||https://maps.googleapis.com/maps/api/place/photo?maxwidth=800&photo_reference=AcnlKN2n_PBa3fbOcmwJyKPAIZneo8fLcOv_BIO9vJ5JWtalzkB1sHAKalh-qyCZfsHDAbN-xsvDacGZ84p8AeYPb5SKWoLXFP3w1LOK_qoRi1IHrwWDi_V0ytucA78M8MM2yHZaoc35nseXaT5w2uYl6ZDjzK6fELCTrMN6tARw4ugH0iyFmbJZkeqxqKo88JOHdvOHAygpymcdfvCv-kdC89Nby7kgvjXt9tUPS12WLXV5LX7BbJO3nR0Q4OgMCMKNqHd3tlawpX_JUIVCw0fVtWuVz62qvGe20LqO7Sci3InCbq2SAsazGH584p2i0wS90sIUUNu2GHyt2qJ7ReVdeUklbMzXtriQxhXkvk3pvYI9WDzMIiET_NAhEegbeO0UA3sHHDqS074lG2odBcPj2YVzSTSQC7nLyMwG3Lpkh9Wh5g&key=AIzaSyCcwQBZ6KetWQisDyi2dimggf_c9CaL1AE|||https://maps.googleapis.com/maps/api/place/photo?maxwidth=800&photo_reference=AcnlKN2J3aVO02kCxw-2rcXF9HW7dN2F8E3MYXmHduy_fzXmjSfycyKfjqm76-C3kRwZr1Bjvuat1xTozTWhwLgzsLiYK57RLk2u6-HuqhKz9FvXPwm6rUlIRVPTm2XaqyUbGQ9ZPw0x-CDQo8NpQzpLUZb5ItFbb7yVuvkLIrJssxUrYRT8hLjLWMGQ6lozEuu1HbiRTol542SJpftILB8yvwr7QIqksXp5h6f0M6jjt9UAozdhVDju23TOoxFrYInaeasGclx2x3UcLk1ECaU5flrLxmJQOSYWDXrdNeQR_cKOmeIQbNELJAxl8D3gdhNdzTupj5m94D4opRPir14qjLgxThFfBzCv4fyG-ccvfZS84-LHbNtR7xzwwF9ctBFaD8Sm_qg3nrT_FkBpg8UBLCGi_O7b2yRgRj3r2FO5gaa-Db6l&key=AIzaSyCcwQBZ6KetWQisDyi2dimggf_c9CaL1AE,10 items,ChIJSf8jFph544kRExX3U1gCaQI,2,4.3,ChIJSf8jFph544kRExX3U1gCaQI,True,5 items,True,5 items,https://maps.google.com/?cid=173672639019554067,882,-300,"295 Washington St, Brookline",https://www.blossombarbrookline.com/,
OPERATIONAL,,,True,"22 Harvard St, Brookline, MA 02445, USA",(617) 232-9505,café el árbol queretaro,"{'location': {'lat': 42.3338274, 'lng': -71.1190657}, 'viewport': {'northeast': {'lat': 42.3351890802915, 'lng': -71.11763326970849}, 'southwest': {'lat': 42.3324911197085, 'lng': -71.1203312302915}}}",https://maps.gstatic.com/mapfiles/place_api/icons/v1/png_71/restaurant-71.png,#FF9E67,https://maps.gstatic.com/mapfiles/place_api/icons/v2/restaurant_pinlet,+1 617-232-9505,café el árbol queretaro,"{'open_now': False, 'periods': [{'close': {'day': 0, 'time': '2000'}, 'open': {'day': 0, 'time': '1700'}}, {'close': {'day': 2, 'time': '2130'}, 'open': {'day': 2, 'time': '1430'}}, {'close': {'day': 3, 'time': '2130'}, 'open': {'day': 3, 'time': '1430'}}, {'close': {'day': 4, 'time': '2100'}, 'open': {'day': 4, 'time': '1730'}}, {'close': {'day': 5, 'time': '2100'}, 'open': {'day': 5, 'time': '1730'}}, {'close': {'day': 6, 'time': '2100'}, 'open': {'day': 6, 'time': '1730'}}], 'weekday_text': ['Monday: Closed', 'Tuesday: 2:30\u2009–\u20099:30\u202fPM', 'Wednesday: 2:30\u2009–\u20099:30\u202fPM', 'Thursday: 5:30\u2009–\u20099:00\u202fPM', 'Friday: 5:30\u2009–\u20099:00\u202fPM', 'Saturday: 5:30\u2009–\u20099:00\u202fPM', 'Sunday: 5:00\u2009–\u20098:00\u202fPM']}",,,ChIJ15POJZh544kRtDvalcRb9fI,,,ChIJ15POJZh544kRtDvalcRb9fI,,,True,4 items,https://maps.google.com/?cid=17507000026358496180,,-300,"22 Harvard St, Brookline",,
OPERATIONAL,True,True,True,"265 Boylston St, Brookline, MA 02445, USA",(617) 731-9007,,"{'location': {'lat': 42.3306343, 'lng': -71.1239334}, 'viewport': {'northeast': {'lat': 42.3319757302915, 'lng': -71.1224791697085}, 'southwest': {'lat': 42.3292777697085, 'lng': -71.1251771302915}}}",https://maps.gstatic.com/mapfiles/place_api/icons/v1/png_71/cafe-71.png,#FF9E67,https://maps.gstatic.com/mapfiles/place_api/icons/v2/cafe_pinlet,+1 617-731-9007,Dunkin',"{'open_now': True, 'periods': [{'close': {'day': 0, 'time': '1900'}, 'open': {'day': 0, 'time': '0500'}}, {'close': {'day': 1, 'time': '1900'}, 'open': {'day': 1, 'time': '0500'}}, {'close': {'day': 2, 'time': '1900'}, 'open': {'day': 2, 'time': '0500'}}, {'close': {'day': 3, 'time': '1900'}, 'open': {'day': 3, 'time': '0500'}}, {'close': {'day': 4, 'time': '1700'}, 'open': {'day': 4, 'time': '0500'}}, {'close': {'day': 5, 'time': '1900'}, 'open': {'day': 5, 'time': '0500'}}, {'close': {'day': 6, 'time': '1900'}, 'open': {'day': 6, 'time': '0500'}}], 'weekday_text': ['Monday: 5:00\u202fAM\u2009–\u20097:00\u202fPM', 'Tuesday: 5:00\u202fAM\u2009–\u20097:00\u202fPM', 'Wednesday: 5:00\u202fAM\u2009–\u20097:00\u202fPM', 'Thursday: 5:00\u202fAM\u2009–\u20095:00\u202fPM', 'Friday: 5:00\u202fAM\u2009–\u20097:00\u202fPM', 'Saturday: 5:00\u202fAM\u2009–\u20097:00\u202fPM', 'Sunday: 5:00\u202fAM\u2009–\u20097:00\u202fPM']}",https://maps.googleapis.com/maps/api/place/photo?maxwidth=800&photo_reference=AcnlKN2t__znXCrZ8mP1oYcMAZATaRYKFGJNkLGKHdX5nPMgPYfRWQqlh6Io7EbstM8infMCZC4DfwK_vCiSzVHaWw8Cdzq8yU3LBoQwzuvcVWZc3R5jWts9KTop6PDRuVyOYm9HVf4frW9TzZv_0cZT2sOrKY4OLMTlEYIdFvIpzffwZdevWFKZk6l48KJ38Ts00ARLl7Co8e3u90CZIHad0YwuDLl765mnUp4soAGxN0KuE5p7BD_OnJtseet2BmZj7M0V8VyWi26MGQZ4oVGouGrDorLMZVXGRnEqRqZqcbbgKdP7vqs04GNpXsghtIszpVbhqZyaPtO8mGUklZvOYM3V490uQUJ4CXCkhIt_e1wXlpYGczbloKx469MTojDV2_C0YwJ3yeSchYewJD1vOaMIt61Iy6kU4AEBJsinPvVhcg&key=AIzaSyCcwQBZ6KetWQisDyi2dimggf_c9CaL1AE|||https://maps.googleapis.com/maps/api/place/photo?maxwidth=800&photo_reference=AcnlKN3t4VjPUt4GK3tz98hor1FpYG5llaJGyy_YrBQUyUdJySLAw5pCtDZ9q_H1iU7J0SEwdMyfcQoY9amFcXwdoOzbhn9hAZ99RwvmMRl6E7Hw7tjpHD4ut5kNxEKYmBOYLUhZ5yTAVGPjj66Kv_syQl7BVXH1jDulksZO_1wQnLAxHz39HQhW_nAt938CVCgrJEiGMI3yXIMWrlDjWFnL51AjC7rdE_KKru2VBrAik_UqorIEwgqLXTbyBK_lqVlWQqwaNqgOlm5ZWdXkd6hxyZFmccGmwny51q1cqP_DhfJkMA&key=AIzaSyCcwQBZ6KetWQisDyi2dimggf_c9CaL1AE|||https://maps.googleapis.com/maps/api/place/photo?maxwidth=800&photo_reference=AcnlKN2_IxksiKrVNnTcD2DSAgi7IyNSk9Er8YiRlJW8f4vTguBlImEdUNSprvUZqJE5wmLha12lydDeFt6Sos7wpcOjf7-wJNFDongerbwTb9hcQG6ar8pEAXAg8pLodM8R6eKlrnabHLcp3_yuPu2X1Udk-BLvZIWYz7rlQu8u461JctZNRAAXQtttOo6p9MwvDnzNfKSU2utszloDV6LNenrXT4g1qtB_RX46yoebHh8iEj0y6Esps0RwSP6Y4TEdLEAIlatLi7XzZXNy_99hmEiEgLcSjMCxMCg7rNRNd0S-Ow&key=AIzaSyCcwQBZ6KetWQisDyi2dimggf_c9CaL1AE|||https://maps.googleapis.com/maps/api/place/photo?maxwidth=800&photo_reference=AcnlKN05vRZfT5WeRKSrZ3QevX7U5dDYJjXtaBK7bSAa3R_44nB7jAPySl1uYFA9qNfuz9KxK3R2SLR4r14rMsGiJHQJDAzeTAli3K_o4r7eMYcBATlpIVECjgbwfjAEexU-1JOdlqHYKSGeY-ZufjVCuopHZcLAcHmpEW2T-q6XNSun3uG0egFf6wBUV9gK5ow1KjuBM7a881lph_UVbu5RPIHc4o1FXMigOWsYb3uaWSxZxwOwuOOJxUOFQtyqlP3iwWfzCjUKHn-ltEhQdcz0LpVtsO3Uo2y1fHlv4Ibvujpdjw&key=AIzaSyCcwQBZ6KetWQisDyi2dimggf_c9CaL1AE|||https://maps.googleapis.com/maps/api/place/photo?maxwidth=800&photo_reference=AcnlKN2I_jJ4yTEqcyXhxKW7H2R-FteY42WHqWbSVuVpU7BJPDakPbLgguXmLoN_pwaucP_wjuYY1AgkUTvLh-HeEsCREgS5QGwNdCHU2gLDEkeEicnCFrMOd74V83Qb1WkQFK5_sjdkaJbqiCZqTk-ViPR-yFcaIaMfMciE0zLFYtIKDMXpElRwH6-wmY9j5_189jHJ0eqaO3d6B4Ffk2kJNJKJGAO5B1Eni9fiItj8nOa_9K7wZUkzRpQ-nbY9OC4PdKmSQXxIhQMOzgAB_uC232eVQPbUUnDOMKJ4dQBnymLedI-WWVdDxnifwW9bycsH3YlZzexIdPBRMLyTonjjBcdFQIVmHjuUx5us8hWfXpGX2HlgzXwcr7rJcCUSaLTT46XMD60BqcSZhSgy7wC-CyhoT6uaLDIkQYKU1XV25bECpw&key=AIzaSyCcwQBZ6KetWQisDyi2dimggf_c9CaL1AE,10 items,ChIJmbJkLKJ544kRZ4sT_KIdK40,1,4,ChIJmbJkLKJ544kRZ4sT_KIdK40,False,5 items,True,8 items,https://maps.google.com/?cid=10172256769197443943,330,-300,"265 Boylston St, Brookline",https://locations.dunkindonuts.com/en/ma/brookline/265-boylston-st/303457?utm_source=google&utm_medium=local&utm_campaign=localmaps&utm_content=303457&y_source=1_MTIxMTAwNjMtNzE1LWxvY2F0aW9uLndlYnNpdGU%3D,
OPERATIONAL,,True,True,"389 Centre St, Boston, MA 02130, USA",(617) 522-6453,,"{'location': {'lat': 42.3222087, 'lng': -71.1095854}, 'viewport': {'northeast': {'lat': 42.3235101302915, 'lng': -71.10821001970848}, 'southwest': {'lat': 42.3208121697085, 'lng': -71.1109079802915}}}",https://maps.gstatic.com/mapfiles/place_api/icons/v1/png_71/restaurant-71.png,#FF9E67,https://maps.gstatic.com/mapfiles/place_api/icons/v2/restaurant_pinlet,+1 617-522-6453,Blue Nile Restaurant,"{'open_now': False, 'periods': [{'close': {'day': 0, 'time': '2230'}, 'open': {'day': 0, 'time': '1200'}}, {'close': {'day': 2, 'time': '2200'}, 'open': {'day': 2, 'time': '1630'}}, {'close': {'day': 3, 'time': '2200'}, 'open': {'day': 3, 'time': '1630'}}, {'close': {'day': 4, 'time': '2200'}, 'open': {'day': 4, 'time': '1630'}}, {'close': {'day': 5, 'time': '2200'}, 'open': {'day': 5, 'time': '1630'}}, {'close': {'day': 6, 'time': '2230'}, 'open': {'day': 6, 'time': '1200'}}], 'weekday_text': ['Monday: Closed', 'Tuesday: 4:30\u2009–\u200910:00\u202fPM', 'Wednesday: 4:30\u2009–\u200910:00\u202fPM', 'Thursday: 4:30\u2009–\u200910:00\u202fPM', 'Friday: 4:30\u2009–\u200910:00\u202fPM', 'Saturday: 12:00\u2009–\u200910:30\u202fPM', 'Sunday: 12:00\u2009–\u200910:30\u202fPM']}",https://maps.googleapis.com/maps/api/place/photo?maxwidth=800&photo_reference=AcnlKN2sJnJGmYkLRQZb3pScyTWHtiqrXwSDqRjhtOq-2dysj26PxTCDZUYUqVdyKqc2zOgMDOBKbts2onbmhk4WUaHr2qqCg-nnt9uiMWb7GPhk63pJkjvg_FPOWS-1_PeKqhtxb5nCCVsal2CSlS66ejyxQSswsvYlArZvABoT1gbQHB30SUfaA-pDywnLL0BZAJMgbY2hKWUrSKih4YJrnto1Ca_Gkljr_F7G5XAHLmwPUjIZFbaPvAVtes5U2u1L48F0yxWzJIQo21RZaUBJkUr_EVf-abVpTR0erjjs4e62U3vImpIGcjPSiikWhY8-d5cg7LWuBBJ40GdNXFK1K_lHGwO3zWEf25q2vGm9eSaYlytRH7Yg_ZcQFTtUcJYnpmFvTFEPE3CbIjRwGwQwqj0doZXv7ksCqOXXPh4yIvw2RuPx&key=AIzaSyCcwQBZ6KetWQisDyi2dimggf_c9CaL1AE|||https://maps.googleapis.com/maps/api/place/photo?maxwidth=800&photo_reference=AcnlKN0z9skctG8w2_SiHu89X2tUmqmvW45qWDkswfyLX4ZelnCyn3EiU3LWTh7pAVeou0SA98C0Eo8kRtfvZwNUgxXh7Y5jq9f-gKrHnAkWdiT0tClL63IVvWkEwTNYgZTLwSJ6Pzr175LpD5rHsicHL9wC7xrdEb_NbJRS8ZYefQlVU3HTOXYMdPhXbHIRkdiU6H1pG0ZwjY6JqnWJlybJSRcVnZaUmNG12igRqrdHcT-RfP8uQJ_hn5qG4tENI8PYRo8M3K41EeMS5o1nKlBlK8mDhlUQV3VHvwVLP0XIWY-ZGV1TO0Rk9OMRnRtaaNosEzHUIUAKcPmX-y0wwgI5VtMnAp8y7wy_19nDREG5B8ZgAZ-88Qs17Cr-f2aWAIMzXU1ZX00-z0kh3YbJRod-cXv_ihBwtRGnLmuyy6M8fsX7Hzs&key=AIzaSyCcwQBZ6KetWQisDyi2dimggf_c9CaL1AE|||https://maps.googleapis.com/maps/api/place/photo?maxwidth=800&photo_reference=AcnlKN0oJpbujVLEXL-9R06EyKzvh9CQUfWjll2LIavLEe956AOYUwuHZzrr6SPjdAMPJpkvF2EhVqRMH3pvnKdo8gfNFS6uEfRs5tJm6UhaeWn1Brpn8R2MwpO-x_2tjMm8qIvTabQzJlR3AdRVyG-UNWmyOAwLChdZUtO9Op-WYdvrJ2IOYy1RmX2MnkzjaneqipjoJbO4rZqH-wlr7HgM7zVEBEi_tH3ljNWPYeIwrRkxVJ1STFFlL-uSuxE6arKzF-EXqH7CHQPYt_VEosZziyuiJ3iUb8uhzp_3poasvv6MKCoHxbBADtabl50MA_8Iuyw-frPbOYuxrfMwNhLXKMA6RwF3ODsbtp8Or-fsHdd81SQNhBjgf76-WesVNXHOZbtRZHCM8TuMPq0a45gFO1mctkDU_bApqCvLh6_elASxt5Up&key=AIzaSyCcwQBZ6KetWQisDyi2dimggf_c9CaL1AE|||https://maps.googleapis.com/maps/api/place/photo?maxwidth=800&photo_reference=AcnlKN3hKAWuK2_pDkDoTZIEkO17TqsHxmRc3YxmDKAWm8_zHGW7_Is8Om_WaqIfMT_2AwMn8NoPPCuni0nq465IrTPAifERjFB4MpSNBCuPTc__2tbQTX_aP8sgINUBF1ss5mWUNm-om_lHDb4pS_IdM0s3FegxygCMW5sVG5WJI6BKhFNAssJiVDi8Q7ZBas_OAR_dk78GNezdfOc5JNlJk1r2B-v9MJvPXCChw6FNUqQptBktBFBWAKv4aTBINi4P-HLsqWMK6wwt5eshazQ2izmAN3FlsjYCN6rh-jbNYsSM0MzG5N3Gzk0q9kxRtzLqViKrYakKT5q8RHRdrms29eQJAtuWQ1sdzL0hEfi-hxISmIu5-d6npsUg4T4dl_ja15SxqgY-1udxok9WOBq81cuxkwHkY4OF2Y36gr83xoDfzA&key=AIzaSyCcwQBZ6KetWQisDyi2dimggf_c9CaL1AE|||https://maps.googleapis.com/maps/api/place/photo?maxwidth=800&photo_reference=AcnlKN2qd8u43BO0GYP1M5UU26aoJBbwFg4Wwb7I2IVXr6QPuYLoSZP4LNxAVI_ab7apqxIQuv2YOMODV5nhqJrPjFNVAp8QKdaCF8-qi-7kVw04mWKXspUqwvUBySqTlIqdTFIE3Gbcl8EA8GPn8nCv6iD1hiGMNWwxU2JOB_uOPYc1h9QuYFe81su5Uq65kT_Lef5h81tQm1scb11vTOXskVrLIQ-kkq2mop9X5vjwIlftMOr9pPdPP0_rGjzwhHSGB42YTGzawrqW87PvNqedKNOiGttEJs4lRGAWVNpIwOQqFlhBmfZWya_ZaaipilR7no6wGT6Lk_DbPVRfCZLMSjUkWB3eSTNJ03iDf1VwYjML_ArqJSEYt35gRzC-x2ppRdMMMlQW2BZZYaoKzU-yUrqBIXK5IQJK43nUnLLwoj_W9Ykj&key=AIzaSyCcwQBZ6KetWQisDyi2dimggf_c9CaL1AE,10 items,ChIJBQcp8Xd544kRoiR-EENapqU,2,4.4,ChIJBQcp8Xd544kRoiR-EENapqU,True,5 items,True,4 items,https://maps.google.com/?cid=11936327106478089378,527,-300,"389 Centre St, Boston",https://www.bluenileboston.com/,
OPERATIONAL,,,True,"238 Washington St, Brookline, MA 02445, USA",,Iru,"{'location': {'lat': 42.3327033, 'lng': -71.118888}, 'viewport': {'northeast': {'lat': 42.33406928029149, 'lng': -71.1174523697085}, 'southwest': {'lat': 42.3313713197085, 'lng': -71.12015033029151}}}",https://maps.gstatic.com/mapfiles/place_api/icons/v1/png_71/restaurant-71.png,#FF9E67,https://maps.gstatic.com/mapfiles/place_api/icons/v2/restaurant_pinlet,,Iru,"{'open_now': False, 'periods': [{'close': {'day': 2, 'time': '2200'}, 'open': {'day': 2, 'time': '1700'}}, {'close': {'day': 3, 'time': '2200'}, 'open': {'day': 3, 'time': '1700'}}, {'close': {'day': 4, 'time': '2200'}, 'open': {'day': 4, 'time': '1700'}}, {'close': {'day': 5, 'time': '2200'}, 'open': {'day': 5, 'time': '1700'}}, {'close': {'day': 6, 'time': '2200'}, 'open': {'day': 6, 'time': '1700'}}], 'weekday_text': ['Monday: Closed', 'Tuesday: 5:00\u2009–\u200910:00\u202fPM', 'Wednesday: 5:00\u2009–\u200910:00\u202fPM', 'Thursday: 5:00\u2009–\u200910:00\u202fPM', 'Friday: 5:00\u2009–\u200910:00\u202fPM', 'Saturday: 5:00\u2009–\u200910:00\u202fPM', 'Sunday: Closed']}",https://maps.googleapis.com/maps/api/place/photo?maxwidth=800&photo_reference=AcnlKN3kkh7qRyjPY7e90pU1kmfAj5xiqrQPz-R6kxu0JlPBL__bBEKJmBYS2LzfFPqDCF08dH_fExUUoMezyDwz1cEtedKkF-IfSHMoHhSjLxGr7480RoPzi43GfUrcbvNZs8H_vpXc8sAhSZbfp3ODZB3VMBDCmNTmu3OKpnG6cw0EuGN1XLocHTAcLTcnj5N4I_aV0_0HkDedAkmmq-WFc81eSUxcdkoLzI8B1AIs-Z6RYFcwyC49KF5jn4nWpuSPC_Yd9CVobHKJz0NN1hOJhTSXzhAO3CQ6Hdvv0JUM7p0tQQ&key=AIzaSyCcwQBZ6KetWQisDyi2dimggf_c9CaL1AE|||https://maps.googleapis.com/maps/api/place/photo?maxwidth=800&photo_reference=AcnlKN2mAzuGXHv9K1ibNTWSjlx9Ov2mN969Y7PQ4K7pO3FL9HJW5dpSEJ9BXh0j9G037zVcgofUNpdDstltrZI54j7BkePjWnrhyzz5v9BmFBFmTvlRLFWMFfcOqVko83nnBQ3aeTmYzGIc03st3aoZCmhh1oTWzPqbUEdMAMJRuuJGFS2-aAn_G2jp9nWZMU9U9cMsG_mAQgDl6aP6nrDB_9vOi3YS43QcVElBZekNY3O85a4ndYhJqJRV2ISI3pmvy5OrIIjri9FgiL8s_3iUf2Lhojfy4mFjTI-6tSr7q1gUtVxVety__eQPcOsn8VxizqFODkgu6jTHGmWiQYBAByvg3fXWJawb4Frf7xT_J2v_btM74Oz8-blgUrTTT5hSyBL477mYeihT_cWt2r1EnPnE-lMRMmKyqwyMyFImpvmln-zp5iFhLIalR9nWLivz&key=AIzaSyCcwQBZ6KetWQisDyi2dimggf_c9CaL1AE|||https://maps.googleapis.com/maps/api/place/photo?maxwidth=800&photo_reference=AcnlKN2ZQU-8OzG3nYPkRrd4B3Qq-1G9H1ZrHwbkxhAE8-gYDBRUWpUVFl8JCXjQ2jz0fs_bs4U0UDE1rQZJmjJRThRCuusKM-D_NctfgWuix80aI4izu9rYL6wCiXP5vIjQSjyN2MXeglTk50QKvJ-Mgb1PtUhq3L6GuQQ03OgDPWCqm4ysk90yH2wbwB3xcIVpuxhiWx35POWKAwBNJ-PolG6c0RmevpwsTxNX5lg23iZP4vFAjdS2XBZ7GjsX9nqyDLeecddsq8DehgrphvPjH7wvDunz3XSNFGWmcvhpjaYvHJ2pbSUnZCwSHRI4FiQQzPWy-xZ7lJpsjEUX37Gk3LHzbfjEpZaJSGbxdF47J4lo8URuUZr4HPn8ii0eQ_yYbhdhrhB_GNI2TlGJvNek34q6Btal9nXOAzp597equb-TyYhLkzd8n1pHcjuGZkcl&key=AIzaSyCcwQBZ6KetWQisDyi2dimggf_c9CaL1AE|||https://maps.googleapis.com/maps/api/place/photo?maxwidth=800&photo_reference=AcnlKN0VT9jJ4ehIp160rS3ytSddJhXScLEfBAfuYBJnb2JwF68ECklMWfPNvTP3Qpr_LS1183l3-nSTTv-npzQRRk1wuisFHbpLFUoSdOCWeWfFPSCDfX3Xsgc21wEOnHdz4QXtk2fp-DH-_VDJeOpQyT1YSjO0EpMGz1Cx_NLZmP2N9QH0Z84W0PjZtIKAT7PUOosvtx-1vjjrEOyAdxX5kghTFut2O75vhGj5VSocIebzkARLm_-25wrLmxR7cDDj8KxIIQYGI5UKS5X7N2q7tlZbhr2YHE8qqDvjWdEb6y1vP_UsWxfKHZnRGpjHXfCWnFrFwonD7XtG4KVmvhlbYsuUyucmVlU7-cIbKpMnu2wUQLLEOSN3je81fOWh8SpK3XSYqRwiv5dbKUeKRmG6r0DShtByqOjMGAFBkxvBiKb8Wc3J--ttYNkWES0We5AP&key=AIzaSyCcwQBZ6KetWQisDyi2dimggf_c9CaL1AE|||https://maps.googleapis.com/maps/api/place/photo?maxwidth=800&photo_reference=AcnlKN2bXx5PZdCsKDgnSz_xuXMyrKet-rADcEpyicNtQr1olQ4oGfdoYP5l8OW88HEwfOc7GGh3TSPRDT7ulBW7DKqiNlLj2NZBQwsON8cNLa8IhGNgT6jqXq94nNT80aKEMzaJvOl7WTpY_iUrRGXYzYozA-taJCBrbsnhWH2W9LKO2UVJqWPghh7bYzFd02_FirUeoe0Qni7TljLzBmZLn5Km7h9m9fr8VMB15UrCwC9fZ9eBZd3me1b4lB2UcDzQVdZrsjNpt7kPoptQVqL7kVfoHP2z3of7ixifjS1sqwdapJrQxdPi3oW0StU94LBNsE9Rv-Y89ZFWj00N3MGC7wt1PSl4qT8WkIfh7BjOg0oPd0mx13nwrAYFqCSgE4VaH99cKaaSbcgKl73drQMCV9QXZZ_lvpIREjclQGRZLehnnPvQAB47xv4Tc03773Fa&key=AIzaSyCcwQBZ6KetWQisDyi2dimggf_c9CaL1AE,10 items,ChIJsygSvmF544kRbFn5BAw3U6w,,4.3,ChIJsygSvmF544kRbFn5BAw3U6w,True,5 items,True,4 items,https://maps.google.com/?cid=12417329122353174892,68,-300,"238 Washington St, Brookline",,
OPERATIONAL,,,True,"288 Washington St, Brookline, MA 02445, USA",,Cupcake Therapy (Coming Soon),"{'location': {'lat': 42.3331557, 'lng': -71.1194835}, 'viewport': {'northeast': {'lat': 42.33456313029149, 'lng': -71.11811011970849}, 'southwest': {'lat': 42.3318651697085, 'lng': -71.12080808029151}}}",https://maps.gstatic.com/mapfiles/place_api/icons/v1/png_71/restaurant-71.png,#FF9E67,https://maps.gstatic.com/mapfiles/place_api/icons/v2/restaurant_pinlet,,Cupcake Therapy (Coming Soon),,,,ChIJc0kqWwB544kRuiydAl3_IO8,,,ChIJc0kqWwB544kRuiydAl3_IO8,,,,4 items,https://maps.google.com/?cid=17231052949260414138,,-300,"288 Washington St, Brookline",,
OPERATIONAL,,False,True,"24 Harvard St, Brookline, MA 02445, USA",,Cafe Itadaki,"{'location': {'lat': 42.3338804, 'lng': -71.1191585}, 'viewport': {'northeast': {'lat': 42.3352508302915, 'lng': -71.11768646970849}, 'southwest': {'lat': 42.3325528697085, 'lng': -71.1203844302915}}}",https://maps.gstatic.com/mapfiles/place_api/icons/v1/png_71/restaurant-71.png,#FF9E67,https://maps.gstatic.com/mapfiles/place_api/icons/v2/restaurant_pinlet,,Cafe Itadaki,"{'open_now': False, 'periods': [{'close': {'day': 0, 'time': '1700'}, 'open': {'day': 0, 'time': '1000'}}, {'close': {'day': 1, 'time': '1400'}, 'open': {'day': 1, 'time': '1100'}}, {'close': {'day': 2, 'time': '1400'}, 'open': {'day': 2, 'time': '1100'}}, {'close': {'day': 3, 'time': '1800'}, 'open': {'day': 3, 'time': '1100'}}, {'close': {'day': 4, 'time': '1800'}, 'open': {'day': 4, 'time': '1100'}}, {'close': {'day': 5, 'time': '1800'}, 'open': {'day': 5, 'time': '1100'}}, {'close': {'day': 6, 'time': '1900'}, 'open': {'day': 6, 'time': '1000'}}], 'weekday_text': ['Monday: 11:00\u202fAM\u2009–\u20092:00\u202fPM', 'Tuesday: 11:00\u202fAM\u2009–\u20092:00\u202fPM', 'Wednesday: 11:00\u202fAM\u2009–\u20096:00\u202fPM', 'Thursday: 11:00\u202fAM\u2009–\u20096:00\u202fPM', 'Friday: 11:00\u202fAM\u2009–\u20096:00\u202fPM', 'Saturday: 10:00\u202fAM\u2009–\u20097:00\u202fPM', 'Sunday: 10:00\u202fAM\u2009–\u20095:00\u202fPM']}",https://maps.googleapis.com/maps/api/place/photo?maxwidth=800&photo_reference=AcnlKN2YsMitu1gPGtWKzvlH-oma61vmV8TxXCSDydUylYMrX0Pvw9Zd0KvGd17wvmlHuBelP4y9pYtJ8B1e4Vb_61A_5TI6gx9iLRvU11CnpehDrGo1GSP8caIQDflYu5TAtMQ1r06BPRc4Yu30FJlJ8lk_P1Z7N3H3oFRxq0z8cwJMcNavu2cQQxq7VXLaC5BE5gQAbw09mrzpCKLkvCLYyQA6eSQvoM9-M8LOBEfG1AJYtlVQ-v94X1qv613-d1fFlOWLFXu-heM8ilKaRCdPbwWFe8K9FG6VAZEvXFhvnXbsIo0NW4Ocu7K9n6lURIr4sVlEJsGxplSObkx69oF0ra4DXoMTLejuDKzPxjuExbHlsfzmJ5ujWueRz3w24-C0QGn7rYliFE4e2eg2bNEwTjbY1UAgrIlDi-19Hd-zmOENOUIRn9XUxZGxZiGSjA&key=AIzaSyCcwQBZ6KetWQisDyi2dimggf_c9CaL1AE|||https://maps.googleapis.com/maps/api/place/photo?maxwidth=800&photo_reference=AcnlKN1UdKNZw3KpBAfNqof3baJCooWwdNuI4P5xmmRwFm5otFz0IyPLTU3lukIwqVaLHOGWEnWHAThiI7o3A0JNj6_auSyn1y-9G8l3-CuAWXXq_bCu9EjdRKJN52AzE8sx0QA0uRaPqyPeGPJMVcaZUdFQhbZz4_A13ZjecgSBw4P2DJMYrvfR26HtsL9_2lmmNemS2OChNNK9r_JvXke0DnyPYCwhO-8BSlUMxa_H2AVL77iJgfi-7E1jEFAdZJ81rb6s_j9JJhjCitUOVS0fPmdKdVar1buVjUFwQpLPELirh0SBNlTW92RSzRbTWEDjIauxUij85T6o0AOEcctaRtU2sAgnbT7wEN2R3DfSIvbHss6IhaYim-GfQGhc5aIOQQ1svXiwTcDPXYclE37-zkKcxDTY5iEcFUxhuIgXkd8w_HU5pg_Y_e2WeHKDetJ-&key=AIzaSyCcwQBZ6KetWQisDyi2dimggf_c9CaL1AE|||https://maps.googleapis.com/maps/api/place/photo?maxwidth=800&photo_reference=AcnlKN251Oq00b_t38yVARisVF-dt9Tn1HdDgQKfcp8XvRh0ewG6FbaH2qsa-dKzTrVNE6DfqW-WNXMbG2Ys_YpyRrnZL6QxDG-cfViB1nN4Qn_GmrYMDTRY9PggNWZi6pRZPUy_nb5jFfZ7mPpSo0gcHQCBRjKWVjXOEZnjscbmGuFSRkdrgCIyuMd7w3meH54cnuF2XGsXyYww8bvo_9-HeYnadMIL1Xo68FwpToYVxgQOzHmWdmthnVLJrK44SQ3Pem_P21vSF6KSvXSTRSM2iiah9C1FGhWKsN3B2pc8UNaJyKnSvs654QiWMAH6TA_Qd6qacWOalMQUbT9LO5jofAvbifg4UYFlWwDROmqBB7t0otBmNi7Ct2gnMlyA1QB1tanRWGXHZzDoEv_8JRiE9RJqMsd76bIw9xhrMD6zKJb0Trn5lpc9pK0uOC3bPATU&key=AIzaSyCcwQBZ6KetWQisDyi2dimggf_c9CaL1AE|||https://maps.googleapis.com/maps/api/place/photo?maxwidth=800&photo_reference=AcnlKN0qqLjCY-MPWLbFWzMSvKrnV3Ntz6bD6cDeQ_OpM9HeIpJujYV76-iLdq3cL5uYa0s1j0X3BqmXqdD6UmpGpzZtciTN4xFOxlqLiMFWkLKOD8gjndOC-hckiKubBKB5TfM9rQQLeXKehFTtIPMt7ROfN2HeNt-tQG5-ujtIYYzjMMpNS1nwL5HMrXuhwtD4gWSZGTMQDwAd_G_LhTyfz-uY4OQFLiw2bBDVSkJhP9e6xABOPSGTa6gxiAdunUSbDs0OG8xm30CmxY9SsqUYYa3upH5BprTa2scnt8GVSZsAxOw-XSPwN1vlMdISbDGjH03pDkxNnBnRdnl24DCWiRfBX8Gl7xPlWeIQUqyticpLstNCUpzxIoZbYRbW4_O9s0BM04hNtqtwgZNKNpMSsYMC9Gxodi95RKytGLwURPljHihIXGmTnPyL-I7OWg&key=AIzaSyCcwQBZ6KetWQisDyi2dimggf_c9CaL1AE|||https://maps.googleapis.com/maps/api/place/photo?maxwidth=800&photo_reference=AcnlKN0c5F5odXpzjITWPgYcZegEGYDDA5OoEmY3xRxcZMMsvzZLkYykuT2VzH2hX06Cm2saDedNMChB7pryXiAv_lHWIO3ocbJgnk3SLF-N3BZPVsqQrYz-5PxU15Q7o5RdiRD7khOT3QtaQmDCFWbAEv_mIbzv8-TAfwygEFBAZJHyA_Xlje93b3dkUJ8JrPyHFVtijxHm_7kQUeQvp7woCy9eqK4NxE3hkCslzMkWymChxkZ14Ym7QuoqDKLUdAbY-vGaRRSMCxy5wUZueeqc8p0QZir42obPPOCCBMvkdxyw21dv-61KQqLWyU9TNhXmOkUzx4BHCRxpxX-tfSk3eGGmtD0n0aZi6ekFiDnzVzo-R9TtANYRqGWP-xi8jDNpe6m2AM-ndp5mIPg2th7k33iuRQF1xbVlw0h4NdKgXOk_0OLA&key=AIzaSyCcwQBZ6KetWQisDyi2dimggf_c9CaL1AE,10 items,ChIJf6BrQwB544kRHdI5K5oEkSo,,4.3,ChIJf6BrQwB544kRHdI5K5oEkSo,,5 items,True,4 items,https://maps.google.com/?cid=3067237881412702749,79,-300,"24 Harvard St, Brookline",,
OPERATIONAL,,,True,"30 Pearl St, Brookline, MA 02445, USA",,Viga Pavia,"{'location': {'lat': 42.3328722, 'lng': -71.1147708}, 'viewport': {'northeast': {'lat': 42.3343365802915, 'lng': -71.1138129197085}, 'southwest': {'lat': 42.3316386197085, 'lng': -71.1165108802915}}}",https://maps.gstatic.com/mapfiles/place_api/icons/v1/png_71/restaurant-71.png,#FF9E67,https://maps.gstatic.com/mapfiles/place_api/icons/v2/restaurant_pinlet,,Viga Pavia,,,,ChIJEUCdcwBx44kRV7zYCQPEuJ8,,,ChIJEUCdcwBx44kRV7zYCQPEuJ8,,,,4 items,https://maps.google.com/?cid=11509164365074447447,,-300,"30 Pearl St, Brookline",,
OPERATIONAL,,,True,"55 Needham St, Newton, MA 02461, USA",,The Halal Guys,"{'location': {'lat': 42.3155041, 'lng': -71.2106399}, 'viewport': {'northeast': {'lat': 42.31686738029151, 'lng': -71.2091256697085}, 'southwest': {'lat': 42.31416941970851, 'lng': -71.2118236302915}}}",https://maps.gstatic.com/mapfiles/place_api/icons/v1/png_71/restaurant-71.png,#FF9E67,https://maps.gstatic.com/mapfiles/place_api/icons/v2/restaurant_pinlet,,The Halal Guys,,,,ChIJQUzvAwCD44kRmoj6zeIPLX4,,3.7,ChIJQUzvAwCD44kRmoj6zeIPLX4,,3 items,True,4 items,https://maps.google.com/?cid=9091940689523673242,3,-300,"55 Needham St, Newton",,no
OPERATIONAL,,,True,"18 Highland Cir, Needham Heights, MA 02494, USA",,"18 Highland Cir, Needham","{'location': {'lat': 42.3060658, 'lng': -71.21824459999999}, 'viewport': {'northeast': {'lat': 42.30750843029149, 'lng': -71.21691261970848}, 'southwest': {'lat': 42.3048104697085, 'lng': -71.2196105802915}}}",https://maps.gstatic.com/mapfiles/place_api/icons/v1/png_71/restaurant-71.png,#FF9E67,https://maps.gstatic.com/mapfiles/place_api/icons/v2/restaurant_pinlet,,"18 Highland Cir, Needham",,,,ChIJg2pcLQCD44kR0Q4cl2FNVbg,,,ChIJg2pcLQCD44kR0Q4cl2FNVbg,,,,4 items,https://maps.google.com/?cid=13282607757541510865,,-300,"18 Highland Cir, Needham Heights",,no
